구,동내,단지명,동,계약년월,계약일,거래금액(만원),등기일자
제주시,이도이동,길용파크빌라트,-,202412,31,25000,24.12.31
제주시,노형동,부영2차,206,202412,31,32800,25.04.23
제주시,일도이동,일도더팰리스,-,202412,31,39000,25.01.13
제주시,애월읍,제주하귀휴먼시아1단지,109,202412,31,49000,25.01.17
제주시,도련이동,제주삼화사랑으로부영1차,105,202412,30,52500,25.02.28
제주시,연동,고정아파트,-,202412,30,51000,-
제주시,노형동,노형뜨란채,211,202412,30,57000,25.01.10
제주시,연동,디지털한빛,디지털한빛아파트 102,202412,30,47000,25.02.18
제주시,노형동,해오름,105,202412,30,55000,24.12.31
제주시,연동,남해오네뜨,-,202412,28,18500,25.02.26
제주시,노형동,현대아이파크,101,202412,28,63700,25.02.28
제주시,구좌읍,라메르힐,-,202412,28,25900,25.02.04
제주시,일도이동,일도더팰리스,-,202412,27,58450,25.01.24
제주시,노형동,해오름,103,202412,27,51200,25.02.14
제주시,월평동,제주첨단꿈에그린3단지아파트,314동,202412,27,50000,25.03.07
제주시,삼양이동,제주삼화사랑으로부영5차,513,202412,27,52800,25.03.05
제주시,연동,제주세기,-,202412,27,38500,25.02.27
제주시,조천읍,광명샤인빌,106,202412,26,27800,25.03.04
제주시,연동,해월루,-,202412,26,6200,25.01.14
제주시,노형동,인텔리젼트한빛,-,202412,26,39800,25.02.28
제주시,연동,해월루,-,202412,25,6300,24.12.30
제주시,일도이동,일도캐슬휘닉스아파트,-,202412,24,30800,25.01.24
제주시,노형동,해오름,101,202412,24,32000,24.12.27
제주시,노형동,중흥에스클래스,102,202412,24,63000,25.01.06
제주시,조천읍,함덕천마에코피아,-,202412,24,15500,24.12.27
제주시,연동,예그린하우스텔,-,202412,23,8300,25.01.02
제주시,삼양이동,제주삼화사랑으로부영3차,305,202412,23,45500,25.02.20
제주시,삼양이동,제주삼화사랑으로부영3차,-,202412,23,45500,-
제주시,삼양이동,제주삼화사랑으로부영3차,-,202412,23,45500,-
제주시,도남동,송화,-,202412,23,21600,25.01.24
제주시,도남동,송화,-,202412,23,21600,-
제주시,노형동,노형해모로루엔,101동,202412,23,85000,25.01.03
제주시,애월읍,제주하귀휴먼시아1단지,107,202412,23,41200,25.02.14
제주시,화북이동,제주삼화사랑으로부영2차,204,202412,22,53000,25.02.21
제주시,건입동,건입미화,가,202412,21,21500,25.01.21
제주시,노형동,노형벽강하이본타워7차,-,202412,20,54700,25.02.26
제주시,화북이동,부웅크리스탈6차아파트,나동,202412,20,31500,25.02.05
제주시,용담이동,용두암현대3,3동,202412,20,26000,25.01.10
제주시,외도일동,해마루풍경102동,-,202412,20,19000,25.01.09
제주시,노형동,재영윈저캐슬,-,202412,20,15000,25.01.31
제주시,일도이동,예그린하우스텔5차,-,202412,19,13400,24.12.30
제주시,노형동,노형뜨란채,207,202412,19,56000,25.02.17
제주시,노형동,대원상록수5차,101,202412,19,37800,25.02.14
제주시,외도일동,외도부영1차,103,202412,19,17900,25.01.03
제주시,아라일동,아라원신,103,202412,19,46000,25.03.31
제주시,일도이동,예그린하우스텔5차,-,202412,19,13400,24.12.30
제주시,연동,연동뜨레모아,-,202412,19,59000,25.03.26
제주시,아라일동,아라천일,가,202412,19,20000,24.12.26
제주시,일도이동,예그린하우스텔5차,-,202412,19,13400,24.12.30
제주시,외도일동,부영(2차),부영아파트 202,202412,19,39400,25.01.17
제주시,연동,연동한일씨티파크,-,202412,18,43000,-
제주시,외도일동,외도타워,-,202412,18,31000,25.02.04
제주시,연동,연동엘리시아3차,-,202412,18,37000,25.02.05
제주시,일도이동,대유대림아파트,제주대유대림아파트 304,202412,18,56500,25.02.05
제주시,용담일동,한라더카운티,-,202412,18,36000,25.02.07
제주시,용담일동,한라더카운티,-,202412,18,36000,-
제주시,일도이동,삼화,가,202412,17,22750,25.02.17
제주시,일도이동,일도수선화,일도수선화아파트 나,202412,17,22000,25.01.10
제주시,연동,청목더웰연동,-,202412,17,7400,25.01.07
제주시,일도이동,일도신천지,105,202412,17,26500,25.02.24
제주시,애월읍,제주하귀휴먼시아1단지,110,202412,16,45600,25.02.17
제주시,삼양이동,동명,나,202412,16,25000,25.01.15
제주시,노형동,부영5차,502,202412,16,66000,25.01.15
제주시,연동,신동부삼무3차,-,202412,16,14500,25.01.23
제주시,일도이동,인화리치빌,-,202412,16,30700,24.12.16
제주시,건입동,해한아모르빌,-,202412,16,21000,24.12.30
제주시,월평동,제주첨단꿈에그린2단지아파트,-,202412,15,49900,-
제주시,아라일동,염광,5,202412,14,19800,25.01.24
제주시,외도일동,외도부영1차,106,202412,14,27450,24.12.19
제주시,삼도일동,아산플라자,-,202412,14,32750,25.02.13
제주시,노형동,부영2차,205,202412,13,30800,24.12.19
제주시,외도일동,외도부영1차,103,202412,13,20000,25.01.15
제주시,외도일동,외도부영1차,102,202412,12,15970,24.12.13
제주시,이도이동,주공1,105,202412,12,67000,25.02.28
제주시,노형동,중흥에스클래스,-,202412,12,52500,-
제주시,노형동,노형이-편한세상,101동,202412,12,92000,25.02.21
제주시,노형동,중흥에스클래스,106,202412,12,52500,25.01.17
제주시,연동,코스모스태홍누리안5차,-,202412,12,45000,25.02.13
제주시,월평동,제주첨단꿈에그린2단지아파트,-,202412,11,49950,-
제주시,이도이동,영도갤럭시타운,-,202412,11,10800,24.12.19
제주시,화북일동,삼부빌라,-,202412,11,13900,25.02.06
제주시,월평동,제주첨단꿈에그린2단지아파트,208동,202412,11,49950,25.01.31
제주시,일도이동,일도캐슬휘닉스아파트,-,202412,10,41000,25.02.28
제주시,삼양이동,제주삼화사랑으로부영3차,308,202412,10,54800,25.02.19
제주시,연동,대림이편한세상1차,106,202412,10,71800,25.01.10
제주시,외도일동,외도부영1차,105,202412,10,21000,25.01.09
제주시,도남동,도남2차e-편한세상,도남2차e-편한세상 204,202412,10,69000,24.12.19
제주시,일도이동,삼부장미주상,-,202412,10,11500,24.12.18
제주시,삼도이동,JNC패밀리3차,-,202412,10,32000,-
제주시,용담일동,한라더카운티,-,202412,10,36000,25.01.09
제주시,외도일동,외도부영1차,101,202412,10,20000,24.12.10
제주시,한림읍,남건휴먼스3차,-,202412,10,16000,25.01.21
제주시,아라일동,아라스위첸,106,202412,9,83500,24.12.26
제주시,도련이동,제주삼화사랑으로부영1차,-,202412,9,46900,-
제주시,연동,라이오니파크1차,-,202412,9,23000,24.12.10
제주시,삼도일동,삼성뜨래별,-,202412,9,38500,25.03.10
제주시,도남동,도남해모로리치힐아파트,104동,202412,9,58000,25.01.23
제주시,연동,제원3차,2,202412,9,34700,25.01.08
제주시,도련이동,제주삼화사랑으로부영1차,101,202412,9,46900,25.01.23
제주시,연동,연동태홍누리안3차,-,202412,9,32500,25.02.03
제주시,화북일동,"화북주공2,3단지",화북2아파트213,202412,9,26500,24.12.11
제주시,연동,제주세기,-,202412,9,36000,25.02.18
제주시,삼양이동,제주삼화사랑으로부영5차,513,202412,9,53900,25.01.15
제주시,노형동,해오름,102,202412,9,55000,25.02.12
제주시,도남동,도남해모로리치힐아파트,-,202412,8,62500,-
제주시,도남동,도남해모로리치힐아파트,102동,202412,8,80000,25.01.24
제주시,연동,남경하이빌,-,202412,8,25000,25.02.03
제주시,조천읍,쉬젠비아채,다동,202412,8,30000,25.02.05
제주시,도남동,도남해모로리치힐아파트,101동,202412,8,62500,25.01.24
제주시,도남동,성원1,-,202412,7,14600,25.01.22
제주시,노형동,노형해모로루엔,101동,202412,7,76000,25.04.30
제주시,조천읍,다온팰리스아파트,비동,202412,7,21500,25.01.07
제주시,이호이동,성지휴캐슬,-,202412,7,33800,25.01.09
제주시,이도이동,주공2차,201,202412,7,38500,25.01.22
제주시,일도이동,일도더팰리스,-,202412,6,40000,25.02.05
제주시,일도이동,일도더팰리스,-,202412,6,40000,-
제주시,월평동,제주첨단꿈에그린2단지아파트,212동,202412,6,53000,24.12.06
제주시,일도이동,일도더팰리스,-,202412,6,40000,-
제주시,연동,타워프로빌,-,202412,6,58000,25.02.11
제주시,연동,라이오니파크1차,-,202412,6,22800,24.12.06
제주시,외도일동,외도부영1차,105,202412,5,16300,25.01.03
제주시,연동,가완에어텔,-,202412,5,6800,24.12.10
제주시,일도이동,일도1차대림,103,202412,5,30000,24.12.06
제주시,이도이동,영도갤럭시타운,-,202412,5,11700,25.01.31
제주시,연동,미도스카이빌,-,202412,5,7200,24.12.19
제주시,외도일동,해마루풍경102동,-,202412,5,27000,24.12.26
제주시,조천읍,광명샤인빌,106,202412,4,28300,25.01.21
제주시,노형동,부영1차,101,202412,4,69000,25.01.31
제주시,이도이동,부양장미2차,-,202412,4,18000,25.02.06
제주시,도련일동,다호예그린1차,-,202412,4,28800,25.01.22
제주시,이도이동,주공3,305,202412,4,35000,24.12.13
제주시,건입동,흥남한아름,-,202412,4,17000,25.01.13
제주시,한림읍,제주한림코아루,102동,202412,3,29800,24.12.19
제주시,일도이동,혜성대유,103,202412,3,27500,25.01.13
제주시,외도일동,부영(2차),부영아파트 201,202412,3,43000,25.01.24
제주시,화북이동,제주삼화엘에이치2단지,204,202412,3,61000,25.02.18
제주시,일도이동,삼부장미주상,-,202412,3,11200,24.12.13
제주시,연동,동경원룸,-,202412,3,4200,24.12.30
제주시,노형동,해한아모르빌2차,-,202412,3,31700,24.12.27
제주시,외도일동,가인힐,-,202412,3,24000,25.01.22
제주시,연동,가완에어텔,-,202412,2,6500,24.12.03
제주시,연동,진호뉴캐슬,-,202412,2,22000,-
제주시,연동,진호뉴캐슬,-,202412,2,22000,25.01.16
제주시,연동,연동한일씨티파크,-,202412,2,40000,25.01.31
제주시,조천읍,광명샤인빌,102,202412,2,21000,25.02.17
제주시,이호이동,성지휴캐슬,-,202412,1,33800,-
제주시,노형동,현대아이파크,101,202411,30,64500,25.02.12
제주시,도두일동,블루파크시티,-,202411,30,34300,24.12.04
제주시,노형동,중흥에스클래스,107,202411,30,53500,25.01.22
제주시,노형동,송우수자인,-,202411,29,42000,-
제주시,노형동,중흥에스클래스,106,202411,29,48350,24.12.10
제주시,외도일동,부영(2차),부영아파트 204,202411,29,42000,25.01.20
제주시,외도일동,부영(2차),-,202411,29,42000,-
제주시,연동,대림이편한세상1차,101,202411,29,72500,24.12.30
제주시,노형동,노형뜨란채,211,202411,29,53000,25.02.28
제주시,노형동,노형뜨란채,205,202411,29,61000,25.02.24
제주시,조천읍,신촌다정타운,가,202411,29,14000,25.02.28
제주시,노형동,경진아트빌,-,202411,29,5450,24.11.29
제주시,노형동,경진아트빌,-,202411,29,5450,24.11.29
제주시,연동,대림이편한세상1차,101,202411,29,75000,25.01.10
제주시,외도일동,부영(2차),부영아파트 201,202411,28,40500,25.01.20
제주시,연동,연동이화,-,202411,28,25000,24.12.06
제주시,외도일동,외도부영1차,105,202411,28,23100,25.01.21
제주시,외도일동,외도부영1차,108,202411,28,19700,25.01.21
제주시,연동,연동월드하우스,연동월드하우스,202411,28,28000,25.01.08
제주시,도련일동,도련영도갤럭시타운,-,202411,28,35000,24.12.09
제주시,이도일동,광양미화,나,202411,28,18600,25.01.13
제주시,화북이동,제주삼화사랑으로부영2차,202,202411,27,53000,25.02.17
제주시,애월읍,제주하귀휴먼시아2단지,204,202411,27,41500,25.01.16
제주시,도남동,파인즈아파트,-,202411,27,39500,25.02.05
제주시,이도이동,석정시티빌,-,202411,27,5800,24.12.16
제주시,애월읍,제주하귀휴먼시아1단지,-,202411,27,43300,-
제주시,화북일동,화북주공4단지,404,202411,27,31000,25.02.27
제주시,조천읍,광명샤인빌,101,202411,27,21000,24.12.24
제주시,연동,대림이편한세상1차,104,202411,27,80000,25.02.28
제주시,애월읍,제주하귀휴먼시아1단지,108,202411,26,42500,25.01.14
제주시,외도일동,부영(2차),부영아파트 206,202411,26,41800,25.02.10
제주시,연동,진호뉴캐슬,-,202411,26,21000,25.01.22
제주시,아라일동,염광,6,202411,26,23000,24.12.09
제주시,노형동,노형위더스빌,-,202411,26,33000,25.02.04
제주시,노형동,부영1차,103,202411,25,68000,24.12.20
제주시,삼양이동,제주삼화사랑으로부영3차,-,202411,25,46000,-
제주시,일도이동,대유대림아파트,제주대유대림아파트 309,202411,25,39800,25.01.14
제주시,노형동,부영2차,204,202411,25,34000,25.01.06
제주시,봉개동,노블하우스,-,202411,25,23800,25.02.28
제주시,삼양이동,제주삼화사랑으로부영3차,-,202411,25,46000,-
제주시,삼양이동,제주삼화사랑으로부영3차,306,202411,25,46000,25.01.13
제주시,아라일동,아라아이파크,109,202411,24,74000,25.01.14
제주시,연동,코스모스태홍누리안5차,-,202411,24,44000,25.01.14
제주시,노형동,부영2차,205,202411,24,35000,24.12.16
제주시,애월읍,아름아이빌,-,202411,23,20300,25.01.23
제주시,삼도이동,미듬아뜨리에,미듬아뜨리에 102,202411,22,34200,25.01.13
제주시,삼도이동,미듬아뜨리에,-,202411,22,34200,-
제주시,연동,대원에버그린빌,-,202411,22,5978,25.01.08
제주시,노형동,노형뜨란채,203,202411,22,63000,25.02.05
제주시,연동,연동한일씨티파크,-,202411,22,40900,25.01.15
제주시,건입동,건입미화,가,202411,22,17700,24.12.23
제주시,삼도이동,미듬아뜨리에,-,202411,22,34200,-
제주시,이도이동,지산16차위더스빌,-,202411,21,50000,-
제주시,화북이동,제주삼화사랑으로부영2차,210,202411,21,54000,25.01.08
제주시,도남동,도남1차e-편한세상,도남1차e-편한세상 102,202411,21,60000,24.12.20
제주시,연동,대림이편한세상1차,106,202411,21,71000,25.02.05
제주시,조천읍,쉬젠비아채,다동,202411,20,24000,25.01.13
제주시,일도이동,일도수선화,-,202411,20,22000,-
제주시,노형동,중흥에스클래스,101,202411,20,63000,24.12.11
제주시,일도이동,대유대림아파트,제주대유대림아파트 301,202411,20,75000,25.01.16
제주시,화북이동,제주삼화사랑으로부영2차,-,202411,19,57400,-
제주시,조천읍,일이삼타운,-,202411,19,22000,24.11.26
제주시,이도일동,광양미화,가,202411,19,19700,24.12.19
제주시,화북이동,제주삼화사랑으로부영2차,208,202411,19,57400,25.01.23
제주시,연동,디지털한빛,디지털한빛아파트 101,202411,19,48300,24.12.17
제주시,일도이동,기산,102,202411,18,21000,24.11.19
제주시,외도일동,갤럭시타운,-,202411,18,26700,25.03.31
제주시,노형동,중흥에스클래스,105,202411,18,59000,24.12.24
제주시,노형동,현대아이파크,101,202411,18,60000,25.01.16
제주시,도련이동,제주삼화사랑으로부영1차,104,202411,18,46500,24.12.09
제주시,한림읍,한림대성유니크,-,202411,18,24600,25.02.28
제주시,외도일동,대송파크빌,-,202411,17,25500,24.12.06
제주시,이도일동,극동오벨리스크3차,-,202411,17,30000,25.01.10
제주시,애월읍,제주하귀휴먼시아1단지,110,202411,17,41500,25.01.10
제주시,노형동,일호지오빌,-,202411,16,38000,24.12.26
제주시,노형동,일호지오빌,-,202411,16,38000,-
제주시,노형동,부영2차,205,202411,16,34500,24.12.27
제주시,삼도일동,에코빌리지Ⅲ,-,202411,16,38000,25.01.06
제주시,노형동,일호지오빌,-,202411,16,38000,-
제주시,외도일동,해마루풍경102동,-,202411,16,24700,25.02.03
제주시,연동,벽강하이본타워,-,202411,15,9400,24.12.09
제주시,화북일동,화북주공1단지,-,202411,15,39000,-
제주시,연동,재형그랜드빌아트,-,202411,15,21000,24.11.15
제주시,노형동,재영샤르빌,-,202411,15,8000,24.11.18
제주시,연동,제주연동중흥S-클래스,-,202411,15,34900,24.11.26
제주시,노형동,서부파크빌,-,202411,14,29000,-
제주시,연동,신동부삼무하이빌,-,202411,14,7000,24.11.29
제주시,조천읍,거웅라피네,-,202411,14,27000,24.12.13
제주시,연동,제주연동중흥S-클래스,-,202411,13,19000,24.11.14
제주시,노형동,대림,101,202411,13,36700,24.12.20
제주시,외도일동,외도상익푸르미르,-,202411,12,34000,25.01.13
제주시,노형동,해오름,103,202411,12,49500,25.01.15
제주시,도남동,도남해모로리치힐아파트,109동,202411,12,65800,25.02.03
제주시,노형동,노형뜨란채,220,202411,12,58000,25.03.07
제주시,삼도일동,덕진온누리,-,202411,12,31000,25.01.24
제주시,오라이동,휴림힐타운아파트,-,202411,12,41500,25.03.24
제주시,이도이동,이도한일베라체,108,202411,12,68500,25.01.06
제주시,연동,제주연동중흥S-클래스,-,202411,12,19300,24.12.27
제주시,외도일동,더펠리스1차,-,202411,11,35000,24.12.16
제주시,도두일동,블루파크시티,-,202411,11,14500,-
제주시,외도일동,해담은,-,202411,11,48000,24.12.16
제주시,조천읍,일이삼타운,-,202411,11,21000,-
제주시,외도일동,외도부영1차,102,202411,11,14000,24.11.11
제주시,이도이동,엘루체,-,202411,11,8380,24.12.09
제주시,화북일동,화북주공4단지,415,202411,11,25650,24.12.17
제주시,화북이동,부웅크리스탈6차아파트,나동,202411,11,32000,24.11.28
제주시,용담이동,용두암현대3,-,202411,11,24000,-
제주시,도두일동,블루파크시티,-,202411,11,14500,24.11.18
제주시,외도일동,외도상익푸르미르,-,202411,10,30000,25.01.24
제주시,연동,벽강하이본타워,-,202411,9,12800,24.11.19
제주시,노형동,대원상록수5차,101,202411,9,33300,24.12.26
제주시,노형동,해오름,-,202411,9,55000,-
제주시,이호이동,이호재영샤르빌13차,-,202411,9,35500,-
제주시,이호이동,이호재영샤르빌13차,-,202411,9,35500,25.02.25
제주시,노형동,노형이-편한세상,103동,202411,8,95000,25.04.01
제주시,연동,제원3차,2,202411,8,21000,25.01.06
제주시,일도이동,서해1,-,202411,8,24000,24.11.13
제주시,애월읍,제주하귀휴먼시아1단지,106,202411,8,42800,25.01.24
제주시,조천읍,광명샤인빌,104,202411,8,21500,24.12.16
제주시,이도이동,보경스카이빌,-,202411,7,41000,24.12.06
제주시,조천읍,광명샤인빌,103,202411,7,23000,24.12.06
제주시,이도이동,벽성뜨래별,-,202411,7,37000,-
제주시,화북일동,화북주공1단지,-,202411,7,44000,-
제주시,이도이동,벽성뜨래별,1,202411,7,37000,24.12.18
제주시,화북일동,화북주공1단지,화북1아파트 103동,202411,7,44000,24.12.27
제주시,이도일동,광양미화,-,202411,7,18600,-
제주시,연동,남경하이빌,-,202411,6,28200,24.12.23
제주시,화북이동,제주삼화엘에이치2단지,203,202411,6,60000,25.01.17
제주시,노형동,중흥에스클래스(미리내마을),105,202411,6,84000,25.01.13
제주시,애월읍,제주하귀휴먼시아1단지,108,202411,6,48000,24.11.29
제주시,노형동,노형벽강하이본타워7차,-,202411,6,54000,25.01.06
제주시,이도이동,현원아트빌,-,202411,6,22300,24.11.07
제주시,노형동,부영2차,201,202411,5,32500,25.01.24
제주시,화북일동,"화북주공2,3단지",화북2아파트204,202411,5,31500,25.01.17
제주시,외도일동,골드하우스,에이,202411,5,43000,24.12.02
제주시,노형동,현대아이파크,101,202411,5,60000,25.03.07
제주시,건입동,미화(사라미화맨션),-,202411,5,13000,24.12.12
제주시,연동,제웅솔내음,-,202411,5,6000,24.11.05
제주시,연동,연동월드하우스,연동월드하우스,202411,5,28300,24.11.21
제주시,외도일동,대원상록수11차아파트,-,202411,5,35000,25.01.20
제주시,일도이동,일도더팰리스,-,202411,5,36280,24.12.02
제주시,삼도일동,한성베르뜨2차,-,202411,4,31000,24.12.23
제주시,도남동,도남해모로리치힐아파트,108동,202411,4,55000,24.11.04
제주시,노형동,유나이티드,-,202411,4,14200,25.02.28
제주시,외도일동,외도부영1차,102,202411,4,14400,24.11.12
제주시,일도이동,일도신천지,108,202411,4,26000,24.11.27
제주시,조천읍,쉬젠비아채,다동,202411,4,16000,25.01.20
제주시,일도이동,대유대림아파트,제주대유대림아파트 306,202411,4,52700,24.12.10
제주시,노형동,부영2차,203,202411,3,35500,24.12.06
제주시,연동,엘리시아,-,202411,3,9200,24.11.28
제주시,건입동,동문파크빌,-,202411,2,21000,-
제주시,아라일동,아라아이파크,102,202411,2,76500,24.12.03
제주시,건입동,동문파크빌,-,202411,2,21000,24.12.23
제주시,한림읍,제주한림코아루,102동,202411,2,29400,24.11.29
제주시,외도일동,한울아파트,-,202411,2,30100,25.02.13
제주시,삼양이동,제주삼화사랑으로부영5차,501,202411,1,46800,25.01.07
제주시,도련이동,제주삼화사랑으로부영1차,104,202411,1,47200,25.01.31
제주시,화북일동,화북주공1단지,화북1아파트 101동,202411,1,45000,25.01.17
제주시,오라이동,미듬아뜨리에,-,202411,1,23300,-
제주시,오라이동,미듬아뜨리에,-,202411,1,23300,25.03.25
제주시,아라일동,염광,4,202411,1,21000,24.12.10
제주시,화북이동,제주삼화사랑으로부영2차,209,202410,31,52800,24.11.08
제주시,노형동,한화,102,202410,31,94000,25.01.31
제주시,연동,제주세기,-,202410,31,36000,-
제주시,노형동,부영2차,202,202410,31,31500,25.01.24
제주시,화북이동,제주삼화엘에이치2단지,202,202410,31,61300,24.12.09
제주시,화북이동,제주삼화사랑으로부영2차,-,202410,31,52800,-
제주시,외도일동,외도부영1차,105,202410,30,25000,24.10.30
제주시,이도이동,대원,-,202410,30,16000,24.11.22
제주시,연동,진호뉴캐슬,-,202410,30,22000,24.12.02
제주시,일도이동,일도월드하우스,1,202410,29,28100,24.12.27
제주시,이도일동,이도네오하임,-,202410,29,33000,24.12.02
제주시,애월읍,제웅명당,-,202410,28,22000,24.12.19
제주시,노형동,동덕,-,202410,28,17800,-
제주시,연동,청목더웰연동,-,202410,28,9200,24.11.18
제주시,아라일동,염광,4,202410,28,19500,24.11.06
제주시,애월읍,제주하귀휴먼시아2단지,204,202410,28,44000,25.02.17
제주시,연동,삼오한마음,-,202410,27,18000,24.12.06
제주시,이도이동,주공1,111,202410,27,42500,25.03.05
제주시,외도일동,외도부영1차,106,202410,27,24500,24.11.18
제주시,아라일동,아라스위첸,103,202410,26,83000,25.01.23
제주시,노형동,부영2차,203,202410,26,34700,24.11.07
제주시,노형동,부영3차,304,202410,26,70000,24.12.19
제주시,이도이동,이도한우리,-,202410,26,35000,25.02.28
제주시,이도이동,이도재영샤르빌,-,202410,26,35000,24.12.05
제주시,아라일동,아라스위첸,104,202410,26,73000,24.11.25
제주시,외도일동,부영(2차),부영아파트 203,202410,26,46900,24.12.27
제주시,노형동,지산11차위더스빌,-,202410,25,36500,25.02.03
제주시,노형동,부영5차,503,202410,25,65000,25.02.28
제주시,용담이동,한라,한라아파트,202410,25,8500,24.10.31
제주시,외도일동,대원상록수11차아파트,-,202410,24,37200,-
제주시,연동,연동엘리트빌,-,202410,24,23500,25.01.15
제주시,연동,이레빌,-,202410,24,5360,24.12.18
제주시,연동,이레빌,-,202410,24,5516,24.11.26
제주시,연동,해월루,-,202410,24,6916,24.11.26
제주시,연동,연동아이진빌,-,202410,24,5661,24.11.26
제주시,화북이동,제동해피죤,제동해피죤101동,202410,24,24000,24.10.24
제주시,화북이동,제주삼화엘에이치2단지,210,202410,24,59500,24.12.20
제주시,도련일동,제주삼화사랑으로부영7차,706동,202410,24,61000,24.12.20
제주시,외도일동,대원상록수11차아파트,-,202410,24,37200,24.12.26
제주시,노형동,재영샤르빌,-,202410,24,13500,25.01.02
제주시,노형동,삼환3차,-,202410,23,19500,24.11.04
제주시,외도일동,외도부영1차,103,202410,23,15800,24.12.31
제주시,외도일동,부영(2차),부영아파트 204,202410,23,45000,24.11.22
제주시,애월읍,하귀코아루오션뷰,103동,202410,23,38880,24.10.31
제주시,외도일동,아모르102,-,202410,23,12000,24.10.24
제주시,도남동,수선화(69-1)2차,201,202410,23,13900,25.01.17
제주시,일도이동,평화(2차),-,202410,23,21000,24.12.11
제주시,연동,연동세기2차,-,202410,23,12500,24.11.07
제주시,조천읍,천마에버하임오션,-,202410,23,28500,24.12.20
제주시,이도일동,화이트하우스,-,202410,23,9400,24.10.31
제주시,삼양이동,삼양더힐링빌,-,202410,23,11200,24.11.06
제주시,외도일동,외도부영1차,109,202410,23,20800,24.12.16
제주시,노형동,노형이-편한세상,101동,202410,22,97000,24.12.02
제주시,외도일동,허브라벤다,-,202410,22,26900,24.12.26
제주시,노형동,노형뜨란채,205,202410,22,57800,24.11.20
제주시,외도일동,부영(2차),부영아파트 207,202410,22,41100,25.01.02
제주시,화북일동,덕진9차,-,202410,22,25000,24.12.10
제주시,노형동,중흥에스클래스(미리내마을),106,202410,22,80000,25.02.04
제주시,연동,청목더웰연동,-,202410,22,10000,24.10.22
제주시,화북일동,화북주공4단지,417,202410,22,28000,25.02.21
제주시,일도이동,백강수피아2차,-,202410,21,30500,24.12.17
제주시,삼도이동,삼도쉐르빌1차,-,202410,21,27000,24.11.29
제주시,노형동,부영2차,205,202410,21,31800,25.01.07
제주시,일도이동,일도더팰리스,-,202410,21,33061,24.11.13
제주시,화북이동,벨루스타운Ⅲ,-,202410,21,31500,24.12.27
제주시,도련일동,세경캐슬2,-,202410,20,34200,-
제주시,노형동,대림,-,202410,20,41000,-
제주시,노형동,대림,101,202410,20,41000,24.12.10
제주시,연동,대림이편한세상2차,201,202410,20,100000,24.11.06
제주시,노형동,부영1차,103,202410,20,67000,25.03.31
제주시,도련일동,세경캐슬2,-,202410,20,34200,24.11.20
제주시,연동,갤럭시타운,-,202410,19,14600,24.11.22
제주시,노형동,부영2차,201,202410,19,34300,24.12.13
제주시,외도일동,외도부영1차,104,202410,19,27400,24.12.13
제주시,노형동,노형2차아이파크,202,202410,19,123000,24.12.20
제주시,용담이동,헤르지아,-,202410,18,34000,24.10.18
제주시,일도이동,평화(2차),-,202410,18,22000,24.12.12
제주시,연동,해월루,-,202410,18,6500,24.10.21
제주시,애월읍,제주하귀휴먼시아1단지,106,202410,18,45000,24.12.11
제주시,외도일동,외도에이스아크로빌2차,-,202410,18,32700,-
제주시,외도일동,외도에이스아크로빌2차,-,202410,18,32700,24.10.30
제주시,일도이동,일도더팰리스,-,202410,18,34800,24.10.30
제주시,노형동,한화,101,202410,18,95000,25.01.31
제주시,이도이동,엘루체,-,202410,17,11000,24.10.24
제주시,외도일동,부영(2차),-,202410,17,41500,-
제주시,도련일동,도련영도갤럭시타운,-,202410,17,35000,-
제주시,외도일동,부영(2차),-,202410,17,41500,-
제주시,화북이동,제주삼화사랑으로부영2차,-,202410,17,54000,-
제주시,화북이동,제주삼화사랑으로부영2차,205,202410,17,54000,24.12.17
제주시,도련이동,제주삼화사랑으로부영1차,108,202410,17,53700,24.12.09
제주시,이호이동,해밀타운,-,202410,16,32000,-
제주시,일도이동,일도위더스빌23차,-,202410,16,43500,24.10.30
제주시,월평동,제주첨단꿈에그린2단지아파트,205동,202410,16,49800,25.01.20
제주시,도두일동,블루파크시티,-,202410,16,15200,24.10.17
제주시,노형동,노형뜨란채,216,202410,16,59900,25.02.28
제주시,화북이동,제주삼화엘에이치2단지,209,202410,16,61000,24.12.20
제주시,연동,연동한일씨티파크,-,202410,15,38500,25.01.10
제주시,노형동,덕진웰리브,-,202410,15,36000,24.11.07
제주시,연동,연동한일씨티파크,-,202410,15,38500,25.01.10
제주시,이도이동,영도갤럭시타운,-,202410,15,12400,24.10.22
제주시,외도일동,외도부영1차,103,202410,15,14000,24.10.24
제주시,도남동,도남1차e-편한세상,도남1차e-편한세상 106,202410,14,58000,24.12.06
제주시,월평동,제주첨단꿈에그린2단지아파트,212동,202410,14,54000,24.11.28
제주시,연동,벽강하이본타워,-,202410,14,9000,24.11.18
제주시,건입동,미듬하나로,-,202410,14,27500,24.12.19
제주시,용담삼동,용두암현대1,103,202410,14,25000,24.11.05
제주시,연동,엘리시아뷰,-,202410,14,9800,24.11.07
제주시,월평동,제주첨단꿈에그린2단지아파트,-,202410,14,54000,-
제주시,연동,삼무파크빌,-,202410,13,28800,24.11.26
제주시,이호이동,이호휴캐슬,-,202410,13,24000,24.11.04
제주시,노형동,부영1차,101,202410,13,70500,24.12.12
제주시,화북이동,제주삼화엘에이치2단지,208,202410,12,59500,24.11.29
제주시,외도일동,부영(2차),부영아파트 202,202410,12,41000,24.12.03
제주시,노형동,노형뜨란채,204,202410,12,59300,24.12.27
제주시,일도이동,일도삼주,103,202410,12,27600,24.11.19
제주시,노형동,부영2차,206,202410,12,33000,24.12.31
제주시,연동,가완에어텔,-,202410,12,7300,24.10.17
제주시,도련일동,제주삼화사랑으로부영8차,809동,202410,12,58700,25.01.20
제주시,외도일동,외도부영1차,103,202410,11,20900,25.01.10
제주시,애월읍,제주하귀휴먼시아2단지,201,202410,11,42200,24.12.09
제주시,노형동,부영3차,302,202410,11,64000,24.12.19
제주시,노형동,노형뜨란채,216,202410,11,59500,24.12.20
제주시,월평동,제주첨단꿈에그린3단지아파트,314동,202410,11,53000,24.11.05
제주시,애월읍,제주하귀휴먼시아2단지,-,202410,11,42200,-
제주시,삼양이동,제주삼화사랑으로부영5차,512,202410,11,52900,24.11.08
제주시,도련이동,제주삼화사랑으로부영1차,106,202410,11,47400,24.11.27
제주시,한림읍,회성푸르니5차,A동,202410,10,27000,24.10.10
제주시,한림읍,한림대호(대호베리골),나,202410,10,11200,24.10.10
제주시,삼양이동,한양,-,202410,10,20000,24.11.08
제주시,연동,타워프로빌,-,202410,9,51000,25.01.31
제주시,일도이동,일도더팰리스,-,202410,9,41000,24.10.30
제주시,오라이동,화인퍼스트빌3차,-,202410,8,35500,24.11.29
제주시,용담일동,다올해피죤,-,202410,8,30000,24.12.09
제주시,건입동,아산프라자,-,202410,8,23500,25.01.31
제주시,외도일동,외도부영1차,104,202410,8,24100,24.12.19
제주시,연동,현암노블레스빌1차,-,202410,8,21200,24.11.28
제주시,연동,연동대일,가,202410,8,27000,24.10.18
제주시,노형동,공간에버빌,-,202410,7,37500,24.11.15
제주시,이도이동,이도한일베라체,103,202410,7,60500,25.02.14
제주시,애월읍,제주하귀휴먼시아1단지,101,202410,7,41500,24.11.20
제주시,애월읍,제주하귀휴먼시아1단지,108,202410,7,43500,24.11.13
제주시,조천읍,태흥빌라,-,202410,7,12200,24.11.13
제주시,연동,도령해든빌,-,202410,7,6900,24.10.07
제주시,아라일동,아라원신,102,202410,6,35500,25.01.17
제주시,연동,한라하이츠빌라,-,202410,6,24750,24.11.18
제주시,이호이동,성지휴캐슬,-,202410,6,32000,24.12.10
제주시,월평동,제주첨단꿈에그린2단지아파트,208동,202410,6,49800,24.11.27
제주시,연동,펠리체,-,202410,4,50000,24.11.22
제주시,도남동,도남해모로리치힐아파트,108동,202410,4,68500,24.11.20
제주시,노형동,부영2차,204,202410,4,34500,24.10.30
제주시,노형동,현대아이파크,102,202410,4,70000,24.10.15
제주시,노형동,노형이-편한세상,103동,202410,4,116500,25.02.07
제주시,노형동,부영2차,206,202410,4,33000,24.10.28
제주시,노형동,현대아이파크,104,202410,3,74000,25.01.02
제주시,외도일동,외도부영1차,109,202410,3,21700,24.12.05
제주시,월평동,제주첨단꿈에그린2단지아파트,210동,202410,3,49750,25.01.13
제주시,일도이동,전원아트빌(2차),-,202410,3,19000,25.02.06
제주시,화북이동,제주삼화사랑으로부영2차,202,202410,3,56500,24.12.10
제주시,이도일동,장원스카이팰리스,-,202410,3,47200,24.10.24
제주시,삼도이동,대명참이슬,-,202410,3,21900,24.12.10
제주시,이도이동,주공3,307,202410,2,40000,24.11.04
제주시,연동,준영푸른빌,-,202410,2,32000,24.10.02
제주시,외도일동,외도타워,-,202410,2,30000,24.10.22
제주시,이도이동,이도한일베라체,109,202410,2,89000,24.10.24
제주시,노형동,현대아이파크,101,202410,2,61500,24.10.14
제주시,일도이동,이담세띠앙,-,202410,2,17500,24.10.04
제주시,연동,디지털한빛,디지털한빛아파트 102,202410,1,49000,24.10.18
제주시,연동,그린,-,202410,1,21900,24.12.06
제주시,외도일동,외도부영1차,105,202410,1,27000,24.10.31
제주시,도련일동,제주삼화사랑으로부영8차,809동,202410,1,59000,25.02.06
제주시,연동,연동태홍누리안3차,-,202409,30,34300,-
제주시,연동,연동태홍누리안3차,-,202409,30,34300,24.10.25
제주시,연동,시스빌,-,202409,30,10400,24.10.18
제주시,일도이동,일도우성1,101,202409,30,40000,24.10.14
제주시,건입동,현대,107,202409,30,25800,24.12.03
제주시,노형동,노형이-편한세상,107동,202409,30,87000,24.10.29
제주시,아라일동,아라아이파크,107,202409,30,84800,25.02.10
제주시,조천읍,함덕천마에코피아,-,202409,30,20000,24.10.31
제주시,삼양이동,제주삼화사랑으로부영5차,502,202409,29,45000,24.12.02
제주시,화북일동,"화북주공2,3단지",화북2아파트205,202409,29,26900,24.11.20
제주시,화북일동,남양,-,202409,29,15000,25.01.10
제주시,용담이동,영보맨션,가,202409,28,12500,24.12.04
제주시,도남동,도남1차e-편한세상,도남1차e-편한세상 106,202409,28,60800,24.11.29
제주시,외도일동,외도부영1차,107,202409,28,27400,24.11.08
제주시,월평동,제주첨단꿈에그린3단지아파트,313동,202409,28,53000,24.11.11
제주시,외도일동,하늘숲,1,202409,28,26500,24.12.30
제주시,외도일동,챠밍2차,-,202409,28,26800,24.10.25
제주시,연동,연동아이진빌,-,202409,28,12300,24.10.08
제주시,용담삼동,용두암현대1,105,202409,28,30000,24.11.29
제주시,일도이동,일도더팰리스,-,202409,27,30770,24.10.08
제주시,삼도일동,삼성뜨래별,-,202409,27,38500,24.12.05
제주시,이도이동,은하,-,202409,26,20700,24.11.20
제주시,삼도이동,수미안아파트,-,202409,26,35000,24.11.01
제주시,일도이동,일도더팰리스,-,202409,26,28021,24.10.16
제주시,연동,벽강하이본타워,-,202409,26,9950,24.09.30
제주시,용담이동,헤르지아,-,202409,26,31900,24.09.27
제주시,일도이동,일도더팰리스,-,202409,26,37110,24.10.16
제주시,화북일동,정우빌리지,-,202409,26,26000,25.01.20
제주시,일도이동,일도더팰리스,-,202409,26,33000,24.11.14
제주시,일도이동,전원아트빌(2차),-,202409,26,21800,24.10.22
제주시,일도이동,일도더팰리스,-,202409,26,29300,24.10.25
제주시,화북이동,벨루스타운Ⅲ,-,202409,25,29900,24.12.24
제주시,일도이동,일도더팰리스,-,202409,25,33663,24.10.04
제주시,노형동,유나이티드,-,202409,25,22000,24.09.26
제주시,연동,벽강하이본타워,-,202409,25,9500,24.10.10
제주시,화북일동,화북주공4단지,415,202409,25,24000,25.01.10
제주시,일도이동,일도삼주,103,202409,25,33500,24.09.27
제주시,노형동,재형파크빌,-,202409,25,27500,24.09.26
제주시,도련이동,제주삼화사랑으로부영1차,101,202409,25,47700,24.10.16
제주시,월평동,제주첨단꿈에그린3단지아파트,315동,202409,25,50000,24.10.21
제주시,아라일동,아라원신,102,202409,25,34000,24.09.26
제주시,이도이동,영도갤럭시타운,-,202409,25,11900,24.10.10
제주시,화북일동,화북주공1단지,화북1아파트 111동,202409,24,43500,24.11.29
제주시,노형동,노형수선화,노형수선화아파트나동,202409,24,17000,24.11.15
제주시,화북일동,화북주공1단지,-,202409,24,43500,-
제주시,연동,연동리젠시빌,-,202409,24,25300,24.10.11
제주시,도남동,도남1차e-편한세상,-,202409,24,67000,-
제주시,일도이동,일도더팰리스,-,202409,23,30670,24.10.11
제주시,삼도이동,JNC패밀리3차,-,202409,23,31500,24.10.21
제주시,일도이동,일도더팰리스,-,202409,23,29318,24.10.18
제주시,일도이동,일도더팰리스,-,202409,23,30530,24.10.16
제주시,일도이동,일도더팰리스,-,202409,23,30730,24.10.16
제주시,일도이동,일도더팰리스,-,202409,23,29100,24.10.21
제주시,일도이동,일도더팰리스,-,202409,23,28899,24.09.30
제주시,도남동,도남1차e-편한세상,도남1차e-편한세상 104,202409,23,67000,24.10.25
제주시,노형동,세원멤버스노형2차,-,202409,23,29700,24.10.22
제주시,삼양이동,제주삼화사랑으로부영5차,-,202409,23,45200,-
제주시,삼양이동,제주삼화사랑으로부영5차,-,202409,23,45200,-
제주시,도련이동,제주삼화사랑으로부영1차,106,202409,23,47800,24.10.29
제주시,삼양이동,제주삼화사랑으로부영5차,505,202409,23,45200,24.11.07
제주시,연동,가나타운,-,202409,23,5400,24.09.26
제주시,월평동,제주첨단꿈에그린2단지아파트,214동,202409,23,49800,24.10.08
제주시,삼도이동,아이린5차,-,202409,22,41500,24.10.21
제주시,노형동,노형해든빌(920-13),-,202409,21,43000,24.12.02
제주시,노형동,부영5차,505,202409,21,65000,24.12.10
제주시,노형동,대왕,-,202409,21,16500,24.11.07
제주시,도련일동,제주삼화사랑으로부영8차,804동,202409,21,57200,25.01.15
제주시,조천읍,쉬젠비아채,다동,202409,21,26500,24.10.28
제주시,화북일동,"화북주공2,3단지",화북2아파트208,202409,21,31000,24.10.21
제주시,이도이동,이도한일베라체,103,202409,20,75000,24.11.08
제주시,삼양이동,제주삼화사랑으로부영5차,506,202409,20,42000,24.10.31
제주시,이도일동,신세계에덴,-,202409,20,20300,-
제주시,이도일동,극동오벨리스크3차,-,202409,20,46200,24.12.19
제주시,애월읍,제주하귀휴먼시아1단지,103,202409,20,43500,24.10.14
제주시,외도일동,더그라벨,-,202409,19,34000,24.11.20
제주시,조천읍,광명샤인빌,107,202409,19,26800,24.10.18
제주시,월평동,제주첨단꿈에그린2단지아파트,209동,202409,19,59000,24.11.28
제주시,일도이동,삼부장미주상,-,202409,19,11300,24.09.20
제주시,일도이동,일도더팰리스,-,202409,19,37013,24.11.14
제주시,봉개동,봉개갤럭시타운1차,-,202409,19,24000,24.10.10
제주시,애월읍,제주하귀휴먼시아1단지,102,202409,19,40000,24.10.10
제주시,연동,대림이편한세상1차,105,202409,18,75000,24.10.10
제주시,이도이동,주공1,102,202409,18,58000,25.01.20
제주시,조천읍,광명샤인빌,101,202409,17,23300,24.10.14
제주시,노형동,노형영진1차,-,202409,15,19800,-
제주시,노형동,노형영진1차,-,202409,15,19800,24.11.06
제주시,일도이동,대유대림아파트,-,202409,15,52700,-
제주시,외도일동,외도타워,-,202409,14,32800,24.11.01
제주시,외도일동,외도타워,-,202409,14,32800,-
제주시,외도일동,외도부영1차,-,202409,14,26800,-
제주시,도련이동,제주삼화사랑으로부영1차,102,202409,14,52500,24.11.29
제주시,삼양이동,삼부비치,-,202409,14,20000,24.11.05
제주시,노형동,송우수자인,-,202409,14,40000,24.12.13
제주시,외도일동,외도부영1차,104,202409,14,26800,24.10.08
제주시,이도일동,태성하이츠빌라,-,202409,13,13500,24.10.14
제주시,도남동,수선화(70)1차,수선화아파트 가,202409,13,18000,24.09.13
제주시,외도일동,블루캐슬,-,202409,13,28000,24.10.18
제주시,용담일동,보성,-,202409,13,15000,24.10.31
제주시,화북이동,화북세원멤버스,-,202409,13,42600,24.11.18
제주시,도련이동,제주삼화사랑으로부영1차,105,202409,13,51200,24.12.04
제주시,외도일동,대원상록수7차,-,202409,13,25700,24.10.31
제주시,노형동,노형이-편한세상,-,202409,13,92000,-
제주시,도남동,수선화(69-1)2차,201,202409,12,10000,24.10.14
제주시,용담삼동,용두암현대1,101,202409,12,22400,24.10.21
제주시,이도이동,명주2차,-,202409,12,10000,24.09.12
제주시,연동,타워프로빌,-,202409,12,49000,24.10.30
제주시,한림읍,제주한림코아루,102동,202409,12,29500,24.12.27
제주시,조천읍,일이삼타운,-,202409,12,21000,24.10.31
제주시,이도이동,화이트스톤빌,-,202409,12,5400,24.09.12
제주시,봉개동,봉개갤럭시타운2차,-,202409,12,23200,-
제주시,노형동,세기3차,-,202409,12,9000,24.09.23
제주시,연동,라이오니파크1차,-,202409,11,21900,-
제주시,노형동,부영3차,305,202409,11,68000,24.11.29
제주시,연동,갤럭시타운,-,202409,11,14600,24.09.27
제주시,연동,엘리시아뷰,-,202409,11,9400,24.12.05
제주시,삼도일동,만진리치빌,-,202409,11,25000,24.09.11
제주시,외도일동,외도부영1차,108,202409,11,22000,24.12.18
제주시,노형동,해오름,102,202409,11,57000,24.11.29
제주시,도련일동,제주삼화사랑으로부영8차,807동,202409,11,61500,25.02.24
제주시,애월읍,서진비치빌리지,-,202409,10,13000,24.10.11
제주시,연동,타워프로빌,-,202409,10,49000,-
제주시,일도이동,일도더팰리스,-,202409,10,37505,24.10.17
제주시,일도이동,일도더팰리스,-,202409,10,29220,24.10.17
제주시,일도이동,일도더팰리스,-,202409,10,38510,-
제주시,삼도이동,수미안아파트,-,202409,9,35000,24.10.04
제주시,일도이동,일도2차대림,204,202409,9,37000,24.10.31
제주시,연동,대림이편한세상1차,103,202409,8,51000,24.10.04
제주시,외도일동,외도부영1차,104,202409,8,17300,24.09.09
제주시,연동,해월루,-,202409,7,7800,24.09.27
제주시,애월읍,혁승애월다움,-,202409,7,24000,24.10.11
제주시,외도일동,부영(2차),부영아파트 204,202409,7,43000,24.11.29
제주시,외도일동,외도부영1차,102,202409,6,16125,24.09.26
제주시,삼양일동,라오체블랙비치,-,202409,6,31400,24.10.14
제주시,도련이동,제주삼화사랑으로부영1차,108,202409,6,53500,24.09.25
제주시,구좌읍,세화비치타운,-,202409,6,9500,24.10.02
제주시,노형동,노형2차아이파크,201,202409,6,80000,24.11.01
제주시,연동,라이오니파크1차,-,202409,6,20700,24.12.06
제주시,삼도이동,수미안아파트,-,202409,6,34500,24.10.04
제주시,연동,남해오네뜨,-,202409,6,16000,24.09.26
제주시,삼양이동,한라하이츠빌(2차),-,202409,5,26300,24.09.30
제주시,연동,신동부삼무3차,-,202409,5,14700,-
제주시,구좌읍,김녕센트럴시티에덴,102동,202409,5,20000,24.11.04
제주시,외도일동,더펠리스1차,-,202409,4,34500,24.09.30
제주시,도련이동,제일일출,제일일출아파트,202409,4,22000,24.11.14
제주시,도련이동,제일일출,-,202409,4,22000,-
제주시,용담이동,헤르지아,-,202409,4,32000,24.09.10
제주시,삼양이동,제주삼화사랑으로부영5차,512,202409,3,52500,24.10.04
제주시,연동,제주베스트빌라,-,202409,3,42500,24.11.25
제주시,오라이동,벽강하이본타워(5차),102동,202409,3,28800,24.12.10
제주시,일도이동,일도우성2,201,202409,3,33000,24.09.27
제주시,삼양이동,제주삼화사랑으로부영3차,301,202409,3,53000,24.09.10
제주시,연동,청목더웰연동,-,202409,3,8900,24.09.04
제주시,이도이동,극동오벨리스크,-,202409,2,22500,24.09.03
제주시,삼도이동,JNC패밀리3차,-,202409,2,30500,24.09.04
제주시,삼도일동,아델리안,-,202409,1,26500,24.11.08
제주시,외도일동,외도휴안1차,-,202409,1,34000,24.10.15
제주시,연동,라이오니파크1차,-,202408,30,26000,24.08.30
제주시,일도이동,백강수피아2차,-,202408,30,29000,24.09.19
제주시,이도일동,다솜,-,202408,30,26000,24.10.08
제주시,노형동,노형이-편한세상,104동,202408,29,88500,24.11.22
제주시,삼도일동,삼성뜨래별,-,202408,29,34000,24.09.26
제주시,노형동,유나이티드,-,202408,29,16750,24.11.22
제주시,애월읍,제주하귀휴먼시아2단지,201,202408,29,45200,25.04.30
제주시,연동,동서연동타워,-,202408,29,26700,24.09.11
제주시,삼도이동,미듬아뜨리에,미듬아뜨리에 104,202408,28,33800,24.10.14
제주시,도련이동,제주삼화사랑으로부영1차,103,202408,28,47000,24.09.30
제주시,노형동,해오름,102,202408,28,49800,24.12.02
제주시,도련일동,제주삼화사랑으로부영6차,606,202408,28,51000,24.11.08
제주시,외도일동,외도부영1차,101,202408,28,21400,24.11.06
제주시,노형동,현대아이파크,101,202408,28,61000,24.10.15
제주시,노형동,유나이티드,-,202408,27,18500,24.10.31
제주시,오라이동,회성푸르니3차,-,202408,27,38200,24.10.31
제주시,오라이동,벽강하이본타워(5차),102동,202408,27,27800,24.10.31
제주시,노형동,중흥에스클래스(미리내마을),105,202408,27,84000,25.01.10
제주시,외도일동,아모르102,-,202408,26,15500,24.09.10
제주시,외도일동,아모르102,-,202408,26,15800,24.09.05
제주시,조천읍,로잔팰리스,-,202408,26,26000,24.09.02
제주시,이도이동,주공3,305,202408,26,34000,24.08.26
제주시,외도일동,한울아파트,-,202408,26,30300,24.09.30
제주시,노형동,중흥에스클래스,105,202408,25,53500,25.01.17
제주시,노형동,중흥에스클래스,101,202408,24,68000,24.10.24
제주시,조천읍,함덕해밀타운아파트,-,202408,24,31000,24.09.20
제주시,도두일동,블루파크시티,-,202408,24,16000,-
제주시,노형동,노형세기5차,-,202408,23,12500,24.09.25
제주시,연동,e편한세상연동센트럴파크1단지,101동,202408,23,86000,24.08.26
제주시,애월읍,제주하귀휴먼시아1단지,104,202408,23,43880,24.10.02
제주시,연동,제원1차,라,202408,23,30000,24.08.27
제주시,이호이동,성지휴캐슬,-,202408,23,32500,24.10.11
제주시,삼도이동,아이린5차,-,202408,22,38400,24.09.19
제주시,일도이동,일도주원라비앙,-,202408,22,8450,24.09.09
제주시,외도일동,해담은,-,202408,22,49300,24.09.30
제주시,외도일동,해담은,-,202408,22,49300,-
제주시,연동,연동엘리시아3차,-,202408,22,38000,24.09.26
제주시,건입동,광덕(광덕사라봉),-,202408,22,8500,24.08.28
제주시,외도일동,외도부영1차,104,202408,22,15682,24.09.09
제주시,외도일동,외도부영1차,104,202408,22,23660,24.09.11
제주시,외도일동,외도부영1차,107,202408,22,25500,24.10.24
제주시,삼양이동,한라하이츠빌(2차),-,202408,22,28000,24.11.29
제주시,이호이동,대일,-,202408,22,13400,24.09.23
제주시,연동,e편한세상연동센트럴파크1단지,101동,202408,22,82500,24.08.29
제주시,외도일동,외도부영1차,102,202408,21,21700,24.08.29
제주시,일도이동,인화에코비치,-,202408,21,7900,24.08.22
제주시,연동,연동한일씨티파크,-,202408,21,40500,24.11.19
제주시,연동,대원에버그린빌,-,202408,21,12000,24.08.29
제주시,외도일동,부영(2차),-,202408,21,45500,-
제주시,삼양이동,삼양대일(가동나동),가,202408,20,15000,24.09.24
제주시,이도일동,신세계에덴,-,202408,20,22000,24.08.29
제주시,도남동,성원1,-,202408,20,13900,24.08.27
제주시,연동,제주베스트빌라,-,202408,20,43000,24.08.22
제주시,조천읍,신촌다정타운,나,202408,19,8800,24.08.23
제주시,연동,남해오네뜨,-,202408,19,19500,24.10.04
제주시,한림읍,삼영노블리안아파트2차,-,202408,19,24900,24.09.24
제주시,월평동,제주첨단꿈에그린2단지아파트,216동,202408,18,49500,24.10.31
제주시,도남동,도남2차e-편한세상,도남2차e-편한세상 201,202408,18,53300,24.10.08
제주시,노형동,노형뜨란채,210,202408,16,57000,24.12.16
제주시,노형동,유나이티드,-,202408,16,17000,24.08.20
제주시,용담삼동,용담이레빌,-,202408,15,19900,24.10.02
제주시,아라일동,아라스위첸,101,202408,15,105800,25.02.13
제주시,노형동,현대아이파크,102,202408,15,73000,24.11.29
제주시,일도이동,일도우성1,104,202408,15,40000,24.09.20
제주시,화북일동,화북주공1단지,화북1아파트 103동,202408,15,43300,24.09.26
제주시,이도이동,하늘그린5차,-,202408,15,36500,24.12.10
제주시,일도이동,동남1,-,202408,15,20000,-
제주시,화북이동,제주삼화사랑으로부영2차,205,202408,14,54800,25.01.10
제주시,연동,연동정한,가,202408,14,14000,24.09.09
제주시,연동,현암노블레스빌1차,-,202408,14,20500,24.09.06
제주시,연동,라이오니파크1차,-,202408,14,20700,24.09.30
제주시,노형동,노형뜨란채,211,202408,14,59900,24.11.19
제주시,삼양이동,제주삼화사랑으로부영3차,301,202408,13,54500,24.09.02
제주시,외도일동,제이시티팰리스3차,제이시티팰리스3차,202408,13,43000,24.09.03
제주시,외도일동,부영(2차),부영아파트 201,202408,13,27000,24.08.26
제주시,삼도이동,수미안아파트,-,202408,12,36000,24.09.20
제주시,외도일동,일우한란,101,202408,12,17300,24.09.04
제주시,노형동,노형뜨란채,218,202408,11,60500,24.08.29
제주시,오라이동,헤르지아,-,202408,11,40700,-
제주시,오라이동,헤르지아,-,202408,11,40700,-
제주시,오라이동,헤르지아,-,202408,11,40700,-
제주시,외도일동,외도부영1차,102,202408,11,21800,24.08.14
제주시,오라이동,헤르지아,103,202408,11,40700,25.01.03
제주시,도남동,도남해모로리치힐아파트,102동,202408,11,67500,24.10.08
제주시,일도이동,일도신천지,109,202408,10,26000,24.08.14
제주시,이도이동,이도한일베라체,103,202408,10,70000,25.01.16
제주시,노형동,중흥에스클래스(미리내마을),103,202408,10,86000,24.08.30
제주시,건입동,건입이화,-,202408,10,22400,24.08.30
제주시,노형동,노형뜨란채,208,202408,9,59800,24.11.11
제주시,노형동,부영5차,-,202408,9,64000,-
제주시,노형동,노형뜨란채,-,202408,9,59800,-
제주시,노형동,해오름,103,202408,9,50500,24.12.06
제주시,노형동,부영5차,501,202408,9,64000,24.09.13
제주시,애월읍,제주하귀휴먼시아1단지,106,202408,9,42000,24.08.22
제주시,이도일동,신세계에덴,-,202408,8,12380,24.08.28
제주시,한림읍,한림대성유니크,-,202408,8,20000,24.08.23
제주시,삼양이동,삼부비치,-,202408,8,21750,24.12.06
제주시,이도일동,남건휴먼스,-,202408,8,9000,24.08.08
제주시,노형동,부영2차,204,202408,7,30800,24.11.01
제주시,삼도이동,세일파크빌,-,202408,7,11000,24.09.30
제주시,월평동,제주첨단꿈에그린2단지아파트,209동,202408,7,57300,24.11.29
제주시,애월읍,제주하귀휴먼시아1단지,105,202408,7,53500,24.11.28
제주시,애월읍,제주하귀휴먼시아1단지,-,202408,7,53500,-
제주시,조천읍,천마에버하임오션,-,202408,6,30000,24.08.21
제주시,일도이동,일도2차대림,204,202408,6,40000,24.09.02
제주시,삼도이동,모다세인트빌,-,202408,6,27000,24.08.23
제주시,연동,연동ABC주상복합,-,202408,6,12000,24.08.08
제주시,일도이동,스카이캐슬,-,202408,5,54000,24.08.30
제주시,연동,제성대일,-,202408,5,15000,24.09.23
제주시,일도이동,일도1차대림,-,202408,5,37500,-
제주시,연동,연동뜨레모아,-,202408,5,65000,24.09.30
제주시,연동,연동이화,-,202408,5,19500,24.10.30
제주시,노형동,노형수선화,노형수선화아파트나동,202408,5,23500,24.09.02
제주시,연동,엘리시아뷰,-,202408,5,9000,24.08.12
제주시,도남동,도남2차e-편한세상,도남2차e-편한세상 204,202408,5,66000,24.10.02
제주시,도련이동,제주삼화사랑으로부영1차,-,202408,4,53000,-
제주시,도련이동,제주삼화사랑으로부영1차,105,202408,4,53000,24.11.28
제주시,연동,진호뉴캐슬,-,202408,3,22500,24.10.21
제주시,애월읍,제주하귀휴먼시아1단지,110,202408,2,49500,24.10.15
제주시,노형동,부영5차,502,202408,2,68000,24.09.20
제주시,노형동,현대아이파크,102,202408,2,73500,24.08.30
제주시,일도이동,일도삼주,-,202408,2,27150,-
제주시,노형동,지산15차위더스빌,-,202408,2,35000,24.08.26
제주시,노형동,부영1차,105,202408,2,66000,24.11.01
제주시,일도이동,일도삼주,103,202408,2,27150,24.08.26
제주시,도남동,도남해모로리치힐아파트,107동,202408,1,60000,24.09.02
제주시,이도일동,극동행복그린,-,202408,1,34500,24.08.01
제주시,도련이동,제주삼화사랑으로부영1차,107,202408,1,55000,24.09.26
제주시,화북이동,제주삼화사랑으로부영2차,-,202408,1,52300,-
제주시,이도이동,은하,-,202408,1,19000,24.08.12
제주시,화북일동,"화북주공2,3단지",화북2아파트204,202408,1,31000,24.09.02
제주시,연동,대림이편한세상2차,205,202407,31,75000,24.09.30
제주시,이호이동,이호휴캐슬,-,202407,31,29500,24.08.14
제주시,이호이동,성지휴캐슬,-,202407,31,28000,24.08.06
제주시,용담이동,헤르지아,-,202407,31,33000,24.10.02
제주시,연동,대림이편한세상2차,-,202407,31,75000,-
제주시,외도일동,해밀마루,-,202407,30,19800,24.09.27
제주시,오라이동,오라뜨래별,101,202407,30,38400,24.09.30
제주시,외도일동,한울아파트,-,202407,30,35900,24.10.18
제주시,도련이동,제주삼화사랑으로부영1차,103,202407,29,46500,24.08.28
제주시,이도이동,영도갤럭시타운,-,202407,29,16700,-
제주시,애월읍,그린트리,-,202407,29,26000,24.10.04
제주시,연동,벽강하이본타워,-,202407,29,9500,24.09.02
제주시,화북이동,문화,문화아파트 나동,202407,29,20600,24.08.12
제주시,용담삼동,용두암현대1,-,202407,29,24500,-
제주시,삼양이동,제주삼화사랑으로부영5차,515,202407,28,51000,24.09.30
제주시,외도일동,외도부영1차,101,202407,28,22700,25.01.03
제주시,연동,드림아트빌,-,202407,28,25000,24.08.28
제주시,이도일동,고덕쉐르빌,-,202407,28,27500,-
제주시,이도일동,고덕쉐르빌,-,202407,28,27500,24.10.07
제주시,외도일동,대원상록수11차아파트,-,202407,28,37000,24.08.29
제주시,연동,연동한일씨티파크,-,202407,27,41000,24.12.20
제주시,화북이동,제주삼화사랑으로부영2차,208,202407,27,58000,24.08.27
제주시,도련일동,제주삼화사랑으로부영8차,-,202407,26,57300,-
제주시,연동,대림이편한세상2차,205,202407,26,74000,24.08.12
제주시,연동,남해오네뜨,-,202407,26,13300,24.09.11
제주시,노형동,부영3차,306,202407,26,65000,24.10.30
제주시,외도일동,외도부영1차,104,202407,26,25000,24.08.30
제주시,노형동,중흥에스클래스(미리내마을),101,202407,26,78000,24.09.26
제주시,이도이동,주공1,102,202407,26,65000,24.08.13
제주시,도남동,우주도남,-,202407,25,20500,24.08.22
제주시,삼양이동,제주삼화사랑으로부영5차,514,202407,25,55200,24.08.21
제주시,조천읍,함덕해밀타운아파트,-,202407,25,28000,24.09.27
제주시,용담삼동,용담이타스,-,202407,24,25000,24.07.24
제주시,노형동,부영2차,201,202407,24,33500,24.08.13
제주시,일도이동,삼부장미주상,-,202407,24,11000,24.08.08
제주시,노형동,부영5차,502,202407,24,63000,24.08.16
제주시,이도일동,태홍누리안2차,-,202407,24,30000,24.08.19
제주시,노형동,부영1차,101,202407,23,67000,24.08.30
제주시,이도이동,도남아델하임,-,202407,23,35400,24.08.22
제주시,화북일동,"화북주공2,3단지",화북2아파트213,202407,23,32700,24.08.23
제주시,외도일동,부영(2차),부영아파트 201,202407,23,41000,24.08.05
제주시,노형동,노형뜨란채,211,202407,23,55000,24.12.30
제주시,도두일동,블루파크시티,-,202407,23,14000,24.09.02
제주시,삼양이동,제주삼화사랑으로부영5차,506,202407,22,46400,24.09.25
제주시,연동,대림이편한세상1차,106,202407,22,71500,24.12.19
제주시,이도이동,굿모닝아파트,-,202407,22,24700,24.10.24
제주시,월평동,제주첨단꿈에그린2단지아파트,-,202407,22,48500,-
제주시,애월읍,그린트리,-,202407,22,25500,24.07.22
제주시,노형동,부영2차,205,202407,22,35500,24.08.27
제주시,도남동,도남해모로리치힐아파트,103동,202407,22,60000,24.09.25
제주시,노형동,성환그린1차,102,202407,22,29300,24.08.23
제주시,조천읍,쉬젠비아채,나동,202407,22,27000,24.08.07
제주시,외도일동,부영(2차),부영아파트 207,202407,22,42300,24.08.21
제주시,연동,장원타운,장원타운아파트,202407,22,44000,24.09.27
제주시,삼양이동,제주삼화사랑으로부영3차,308,202407,21,55500,24.09.25
제주시,구좌읍,나이스6차,-,202407,21,26000,24.07.29
제주시,삼양이동,제주삼화사랑으로부영3차,-,202407,21,55500,-
제주시,이도이동,영도갤럭시타운,-,202407,20,11000,24.08.28
제주시,도남동,한솔,-,202407,20,19000,24.08.21
제주시,외도일동,더펠리스10차,-,202407,20,36600,24.08.02
제주시,한림읍,남건휴먼스3차,-,202407,20,17900,24.10.28
제주시,이호이동,이호휴캐슬,-,202407,19,25000,24.09.13
제주시,노형동,부영2차,204,202407,19,31000,24.12.02
제주시,월평동,제주첨단꿈에그린2단지아파트,208동,202407,19,48000,24.08.23
제주시,삼도일동,아산플라자,-,202407,19,31000,24.08.23
제주시,외도일동,해담은,-,202407,18,48500,-
제주시,이도이동,석정시티빌,-,202407,18,6200,24.07.18
제주시,삼도이동,수미안아파트,-,202407,18,35000,24.08.07
제주시,이도이동,석정시티빌,-,202407,18,6200,24.07.18
제주시,이도이동,주공3,-,202407,18,34000,-
제주시,이도일동,장원월드컵,103,202407,17,38500,24.08.08
제주시,건입동,골드트리,-,202407,17,25214,24.11.19
제주시,구좌읍,이루안아파트,-,202407,17,26000,24.08.20
제주시,화북이동,제주삼화사랑으로부영2차,204,202407,17,55000,24.08.05
제주시,연동,제주연동리슈빌디에스,-,202407,16,12800,24.08.16
제주시,연동,제웅솔내음,-,202407,16,10800,24.07.24
제주시,연동,가나타운,-,202407,16,14800,24.08.05
제주시,노형동,에코빌리지Ⅰ,-,202407,15,41500,24.12.20
제주시,화북이동,제주삼화사랑으로부영2차,208,202407,15,51500,24.11.20
제주시,일도이동,백강수피아2차,-,202407,15,30000,24.08.05
제주시,애월읍,제주하귀휴먼시아1단지,105,202407,15,45300,24.10.11
제주시,연동,연동가나휘닉스1,-,202407,15,38000,-
제주시,화북이동,제주삼화사랑으로부영2차,-,202407,15,51500,-
제주시,조천읍,대진유토피아빌리지(3차),-,202407,15,19000,-
제주시,조천읍,대진유토피아빌리지(3차),-,202407,15,19000,-
제주시,조천읍,대진유토피아빌리지(3차),-,202407,15,19000,24.09.05
제주시,도련일동,미듬하나로(도련),미듬하나로아파트 가동,202407,15,17500,24.08.23
제주시,오라이동,헤르지아,101,202407,14,41000,24.09.30
제주시,화북이동,벨루스타운Ⅲ,-,202407,14,30000,24.08.12
제주시,삼도일동,서림아이빌,-,202407,14,39000,-
제주시,일도이동,명주,-,202407,13,10800,24.08.21
제주시,일도이동,대유대림아파트,제주대유대림아파트 310,202407,13,40000,24.07.29
제주시,용담이동,디어하우스,-,202407,13,34000,24.08.09
제주시,외도일동,외도해든빌5차,-,202407,13,34100,24.09.20
제주시,외도일동,외도탐나지오,-,202407,13,37000,24.09.20
제주시,노형동,부영3차,301,202407,12,64300,24.09.10
제주시,일도이동,인화에코비치,-,202407,12,7200,24.07.12
제주시,애월읍,하귀푸르미르,-,202407,12,36000,24.08.08
제주시,일도이동,삼부장미주상,-,202407,12,10161,24.09.02
제주시,연동,연동한일씨티파크,-,202407,12,37500,24.08.19
제주시,노형동,노형영진2차,2,202407,11,8000,24.07.15
제주시,노형동,노형뜨란채,203,202407,11,61500,24.07.29
제주시,화북일동,화북주공4단지,404,202407,11,33000,24.08.30
제주시,화북이동,제주삼화엘에이치2단지,208,202407,11,60000,25.01.14
제주시,노형동,연동,가,202407,10,18000,24.07.30
제주시,일도이동,혜성대유,101,202407,9,31500,24.09.03
제주시,화북일동,삼부,-,202407,9,6700,24.08.14
제주시,이도이동,주공1,114,202407,9,52000,24.08.05
제주시,연동,대림이편한세상2차,206,202407,8,75000,24.09.13
제주시,삼도일동,화인퍼스트빌,-,202407,8,33000,-
제주시,조천읍,노블하우스,-,202407,8,19000,24.07.31
제주시,건입동,광덕(광덕사라봉),-,202407,8,13700,-
제주시,노형동,해오름,101,202407,8,54000,24.07.29
제주시,화북일동,"화북주공2,3단지",화북2아파트203,202407,8,31900,24.08.22
제주시,월평동,제주첨단꿈에그린2단지아파트,-,202407,8,48500,-
제주시,월평동,제주첨단꿈에그린2단지아파트,213동,202407,8,48500,24.09.30
제주시,월평동,제주첨단꿈에그린3단지아파트,303동,202407,8,70000,24.09.11
제주시,일도이동,대원상록수,-,202407,8,12000,24.08.09
제주시,월평동,제주첨단꿈에그린2단지아파트,216동,202407,6,48500,24.08.12
제주시,노형동,부영2차,203,202407,6,30000,24.08.02
제주시,삼도이동,미듬아뜨리에,미듬아뜨리에 103,202407,6,32500,24.09.10
제주시,화북일동,화북주공1단지,화북1아파트 110동,202407,6,42500,24.08.14
제주시,화북이동,제주삼화엘에이치2단지,208,202407,5,60500,24.12.16
제주시,노형동,부영2차,201,202407,5,31000,24.08.09
제주시,노형동,부영5차,505,202407,5,61000,24.09.13
제주시,조천읍,일이삼타운,-,202407,5,21000,24.08.14
제주시,애월읍,제주하귀휴먼시아1단지,103,202407,4,44000,24.09.02
제주시,노형동,노형2차아이파크,201,202407,4,80000,24.07.22
제주시,노형동,한화,101,202407,4,88000,24.08.07
제주시,외도일동,외도휴안2차,-,202407,4,25500,24.10.08
제주시,외도일동,외도부영1차,101,202407,3,21400,24.07.31
제주시,연동,남주,-,202407,3,14500,25.01.13
제주시,건입동,광덕(광덕사라봉),-,202407,3,13700,24.08.22
제주시,오라이동,화인퍼스트빌3차,-,202407,2,37000,24.08.02
제주시,외도일동,부영(2차),부영아파트 201,202407,2,43500,24.08.01
제주시,연동,남해오네뜨,-,202407,1,21500,24.07.08
제주시,일도이동,서해2,-,202407,1,43000,24.08.20
제주시,도남동,도남시영,에이,202407,1,13000,24.07.22
제주시,삼양이동,삼양더힐링빌,-,202407,1,16400,24.08.05
제주시,용담이동,세흥빌라(A동),-,202407,1,13100,24.07.31
제주시,노형동,동덕,-,202406,30,26000,24.08.16
제주시,건입동,미듬하나로,-,202406,29,24500,24.08.19
제주시,월평동,제주첨단꿈에그린2단지아파트,210동,202406,29,48000,24.09.30
제주시,이도일동,광양미화,가,202406,29,18800,24.07.19
제주시,도남동,도남해모로리치힐아파트,108동,202406,29,65500,24.08.12
제주시,외도일동,외도부영1차,102,202406,29,21500,24.08.09
제주시,도련이동,제주삼화사랑으로부영1차,102,202406,29,52000,24.08.30
제주시,용담삼동,용담이타스,-,202406,28,24000,24.07.08
제주시,도련일동,아르미아아파트,-,202406,28,32500,-
제주시,연동,휴마루,-,202406,28,39000,24.08.07
제주시,노형동,유나이티드,-,202406,28,17000,24.07.15
제주시,일도이동,기산,102,202406,28,21500,24.11.18
제주시,연동,연동태홍누리안3차,-,202406,28,35000,24.07.10
제주시,이도이동,메디치,-,202406,27,7900,24.07.25
제주시,일도이동,일도삼주,103,202406,27,28000,24.07.10
제주시,이도이동,도남아델하임,-,202406,27,37500,24.08.12
제주시,연동,대원에버그린빌,-,202406,26,8500,-
제주시,일도이동,일도2차대림,201,202406,26,41800,24.08.19
제주시,이도이동,화이트스톤빌,-,202406,26,6500,24.06.26
제주시,애월읍,제주하귀휴먼시아1단지,106,202406,26,44500,24.06.27
제주시,외도일동,갤럭시타운,-,202406,26,26000,24.08.30
제주시,연동,연동세기2차,-,202406,26,18500,24.07.04
제주시,연동,디지털한빛,디지털한빛아파트 101,202406,26,49000,24.09.23
제주시,연동,대원에버그린빌,-,202406,26,8500,24.07.08
제주시,연동,대원에버그린빌,-,202406,26,8500,24.07.08
제주시,삼도이동,아이린5차,-,202406,26,40700,24.07.18
제주시,삼양이동,제주삼화사랑으로부영5차,503,202406,25,44000,24.08.08
제주시,도남동,수선화(71),-102,202406,25,13500,24.07.12
제주시,도련일동,아르미아아파트,101동,202406,25,32500,24.09.30
제주시,노형동,노형해모로루엔,101동,202406,25,68000,24.07.19
제주시,삼도일동,아이린3차,-,202406,24,28900,24.07.26
제주시,노형동,부영2차,201,202406,24,30500,24.09.11
제주시,외도일동,외도부영1차,109,202406,24,21650,24.07.12
제주시,애월읍,하귀푸르미르,-,202406,24,40500,-
제주시,연동,삼오한마음,-,202406,24,23000,24.07.24
제주시,노형동,노형뜨란채,203,202406,24,58000,24.12.30
제주시,삼도일동,삼성뜨래별,-,202406,24,40350,24.08.08
제주시,애월읍,하귀푸르미르,-,202406,24,40500,24.08.28
제주시,용담이동,장원하이빌아파트,102,202406,23,26000,24.07.10
제주시,조천읍,쉬젠비아채,나동,202406,22,25100,24.07.22
제주시,삼양이동,제주삼화사랑으로부영5차,-,202406,22,45000,-
제주시,삼양이동,제주삼화사랑으로부영5차,503,202406,22,45000,24.09.06
제주시,연동,코스모스태홍누리안5차,-,202406,22,44000,24.07.31
제주시,노형동,노형해든빌(920-13),-,202406,21,47500,24.08.05
제주시,일도이동,예그린하우스텔5차,-,202406,21,13400,24.06.28
제주시,건입동,다남맨션,-,202406,21,9800,24.06.25
제주시,용담이동,남양맨션,남양아파트,202406,21,9800,24.09.10
제주시,노형동,부영2차,203,202406,21,33800,24.07.01
제주시,노형동,해오름,104,202406,21,50000,24.08.26
제주시,노형동,부영5차,503,202406,21,64000,24.07.16
제주시,외도일동,외도부영1차,105,202406,21,24800,25.03.27
제주시,월평동,제주첨단꿈에그린2단지아파트,204동,202406,21,59800,24.07.31
제주시,연동,제웅솔내음,-,202406,21,9300,24.06.21
제주시,삼양일동,라오체블랙비치,-,202406,20,31000,24.08.05
제주시,이도이동,주공3,304,202406,20,45000,24.06.28
제주시,노형동,재영윈저캐슬,-,202406,20,19000,24.06.28
제주시,조천읍,로잔팰리스,-,202406,20,28500,24.07.18
제주시,삼도이동,동인스파월드빌,-,202406,20,19500,24.06.20
제주시,연동,도령해든빌,-,202406,20,7000,24.06.21
제주시,도남동,우주도남,-,202406,19,16200,24.07.16
제주시,용담이동,용두암현대3,2동,202406,19,24500,24.06.24
제주시,도남동,성원1,-,202406,19,7000,24.06.21
제주시,외도일동,외도부영1차,103,202406,19,17000,24.08.05
제주시,월평동,제주첨단꿈에그린3단지아파트,313동,202406,18,47300,24.11.29
제주시,도남동,수선화(69-1)2차,202,202406,18,12800,24.07.25
제주시,도련이동,제주삼화사랑으로부영1차,101,202406,18,48100,24.07.29
제주시,도련이동,제주삼화사랑으로부영1차,101,202406,18,44000,24.07.18
제주시,일도이동,대유대림아파트,제주대유대림아파트 314,202406,18,47000,24.08.21
제주시,월평동,제주첨단꿈에그린3단지아파트,311동,202406,18,47000,24.07.29
제주시,노형동,노형뜨란채,-,202406,17,53700,-
제주시,노형동,노형뜨란채,-,202406,17,53700,-
제주시,도두일동,블루파크시티,-,202406,17,13000,24.07.01
제주시,이도일동,장원스카이팰리스,-,202406,17,37000,24.07.08
제주시,노형동,해오름,103,202406,17,50000,24.06.26
제주시,연동,대림이편한세상2차,206,202406,17,78000,24.09.02
제주시,노형동,노형뜨란채,214,202406,17,53700,24.06.28
제주시,노형동,제동프린스빌,-,202406,17,12200,24.06.21
제주시,노형동,재영샤르빌,-,202406,17,14000,24.09.12
제주시,도남동,수선화(69-1)2차,201,202406,16,17500,24.06.27
제주시,도남동,도남해모로리치힐아파트,108동,202406,15,73000,25.01.17
제주시,노형동,노형뜨란채,202,202406,15,56500,24.08.23
제주시,일도이동,대유대림아파트,제주대유대림아파트 306,202406,14,54000,24.07.25
제주시,연동,진호뉴캐슬,-,202406,14,22000,24.07.12
제주시,화북이동,제주삼화사랑으로부영2차,208,202406,14,51500,24.07.18
제주시,화북이동,제주삼화사랑으로부영2차,-,202406,14,51500,-
제주시,일도이동,일도2차대림,204,202406,13,41500,24.09.09
제주시,삼양이동,제주삼화사랑으로부영3차,306,202406,13,46700,24.07.26
제주시,봉개동,봉개갤럭시타운2차,-,202406,13,23000,24.08.22
제주시,용담삼동,용담이레빌,-,202406,13,15000,24.06.14
제주시,도남동,도남해모로리치힐아파트,104동,202406,12,65700,24.08.20
제주시,노형동,부영1차,-,202406,12,67000,-
제주시,도련이동,제주삼화사랑으로부영1차,103,202406,12,45000,24.08.13
제주시,애월읍,하귀코아루오션뷰,101동,202406,12,39290,24.07.31
제주시,월평동,제주첨단꿈에그린2단지아파트,210동,202406,11,48000,24.07.30
제주시,화북이동,장원그린빌,-,202406,11,22000,24.07.11
제주시,연동,제주연동한일베라체더퍼스트,101동,202406,11,59500,24.08.07
제주시,봉개동,봉개갤럭시타운1차,-,202406,11,24500,24.07.08
제주시,월평동,제주첨단꿈에그린3단지아파트,314동,202406,11,48500,25.01.14
제주시,외도일동,부영(2차),부영아파트 207,202406,10,43500,24.08.30
제주시,화북일동,"화북주공2,3단지",화북2아파트211,202406,9,31600,24.06.25
제주시,연동,연동뜨레모아,-,202406,9,60500,24.06.20
제주시,삼도이동,아이린5차,-,202406,8,38500,24.08.12
제주시,외도일동,더그라벨,-,202406,8,30000,24.07.18
제주시,연동,대림이편한세상2차,204,202406,7,75000,24.11.15
제주시,도련이동,제주삼화사랑으로부영1차,106,202406,6,46400,24.07.05
제주시,조천읍,천마에버하임오션,-,202406,6,30000,24.06.07
제주시,노형동,노형2차아이파크,201,202406,6,84500,24.06.28
제주시,연동,남해오네뜨,-,202406,6,13500,24.07.17
제주시,삼양일동,라오체블랙비치,-,202406,5,29000,24.08.07
제주시,화북일동,화북주공1단지,-,202406,5,44400,-
제주시,한림읍,한림대성유니크아파트2차,-,202406,5,26000,24.07.26
제주시,화북일동,화북주공1단지,화북1아파트 109동,202406,5,44400,24.07.12
제주시,연동,청목더웰연동,-,202406,5,8500,24.06.05
제주시,조천읍,함덕해밀타운아파트,-,202406,5,27800,24.07.12
제주시,연동,e편한세상연동센트럴파크2단지,201동,202406,5,83800,24.06.28
제주시,화북일동,화북주공1단지,-,202406,5,44400,-
제주시,일도이동,스카이캐슬,-,202406,4,55000,24.06.25
제주시,연동,동서연동타워,-,202406,4,10500,24.07.16
제주시,애월읍,제주하귀휴먼시아1단지,104,202406,4,44000,24.06.24
제주시,도남동,도남1차e-편한세상,도남1차e-편한세상 103,202406,3,62000,24.08.22
제주시,삼도일동,에코빌리지Ⅲ,-,202406,3,36400,24.07.31
제주시,일도이동,서해1,-,202406,2,22800,24.08.26
제주시,연동,라이오니파크1차,-,202406,2,19400,24.07.31
제주시,화북이동,제주삼화사랑으로부영2차,203,202406,1,56000,24.07.10
제주시,일도이동,서해2,-,202406,1,39000,24.07.18
제주시,한림읍,삼영노블리안아파트2차,-,202406,1,27000,24.06.05
제주시,도남동,수선화(70)1차,수선화아파트 다,202406,1,23000,24.06.07
제주시,월평동,제주첨단꿈에그린3단지아파트,313동,202405,31,40000,24.05.31
제주시,외도일동,외도부영1차,105,202405,31,16900,24.07.10
제주시,연동,제원1차,아,202405,31,42000,24.06.04
제주시,연동,대림이편한세상1차,103,202405,31,50000,24.06.19
제주시,이도일동,신세계에덴,-,202405,31,26800,24.11.22
제주시,일도이동,기산,101,202405,30,24000,24.06.20
제주시,노형동,노형2차아이파크,202,202405,30,95000,24.06.14
제주시,삼양일동,대유,-,202405,30,12000,24.05.31
제주시,조천읍,에스디빌(103동),-,202405,29,31300,24.06.28
제주시,애월읍,애월위너빌,-,202405,28,37000,-
제주시,도련일동,제주삼화사랑으로부영6차,603,202405,28,52800,24.06.24
제주시,삼양이동,삼화다온펠리스,-,202405,27,20500,24.05.29
제주시,애월읍,제주하귀휴먼시아1단지,101,202405,27,43600,24.06.17
제주시,삼도일동,금광아이빌,-,202405,27,8500,24.05.28
제주시,도남동,도남일우,-,202405,27,7000,24.06.19
제주시,노형동,부영2차,204,202405,26,34900,24.07.09
제주시,삼양이동,삼부비치,-,202405,26,21600,24.07.31
제주시,노형동,노형해모로루엔,101동,202405,25,68000,24.08.01
제주시,노형동,탐라빌,-,202405,25,20000,24.06.24
제주시,도남동,도남일우,-,202405,24,8900,24.07.09
제주시,오라이동,미듬아뜨리에,-,202405,24,24000,24.06.25
제주시,외도일동,외도부영1차,107,202405,24,25100,24.07.19
제주시,삼양이동,제주삼화사랑으로부영3차,309,202405,23,44100,24.05.24
제주시,삼도이동,아이린,-,202405,23,33000,24.09.30
제주시,월평동,제주첨단꿈에그린2단지아파트,214동,202405,23,58500,24.06.11
제주시,아라일동,아라원신,103,202405,23,43000,24.08.02
제주시,구좌읍,이루안아파트,-,202405,22,27000,24.06.19
제주시,일도이동,일도우성2,203,202405,22,41000,24.07.22
제주시,외도일동,해밀마루,-,202405,22,21500,24.06.21
제주시,용담삼동,용두암현대1,105,202405,21,23500,24.08.30
제주시,노형동,노형2차아이파크,201,202405,21,84000,24.06.19
제주시,도남동,도남해모로리치힐아파트,108동,202405,20,65500,24.07.17
제주시,노형동,노형수선화,노형수선화아파트나동,202405,20,19500,24.07.31
제주시,연동,남해오네뜨,-,202405,20,12000,24.06.17
제주시,도남동,도남신일,-,202405,20,19000,24.06.17
제주시,화북이동,제주삼화사랑으로부영2차,210,202405,20,57500,24.08.16
제주시,한림읍,J블루오션,-,202405,20,12000,24.06.03
제주시,화북이동,제주삼화사랑으로부영2차,-,202405,20,57500,-
제주시,연동,제주연동중흥S-클래스,-,202405,20,39000,24.08.12
제주시,외도일동,제웅1차솔내음빌리지,-,202405,20,9500,24.05.31
제주시,도남동,도남해모로리치힐아파트,108동,202405,20,73500,24.10.02
제주시,외도일동,부영(2차),부영아파트 209,202405,20,42800,24.06.26
제주시,연동,까사빌4차,-,202405,20,50000,24.06.20
제주시,노형동,연동,가,202405,20,16200,24.05.27
제주시,이호이동,대일,-,202405,19,11200,24.06.27
제주시,외도일동,외도제이힐,-,202405,17,28000,24.06.21
제주시,도남동,도남해모로리치힐아파트,105동,202405,17,75000,24.05.31
제주시,이도이동,주공3,301,202405,17,39000,24.08.16
제주시,연동,해월루,-,202405,16,8000,24.05.16
제주시,도련일동,제주삼화사랑으로부영8차,801동,202405,16,56900,24.07.11
제주시,연동,대림이편한세상2차,206,202405,16,75000,24.07.01
제주시,노형동,한화,101,202405,16,95000,24.05.20
제주시,연동,제주연동중흥S-클래스,-,202405,16,22700,24.05.29
제주시,외도일동,더펠리스1차,-,202405,16,33000,24.06.21
제주시,애월읍,제주하귀휴먼시아1단지,108,202405,16,44000,24.06.27
제주시,도두일동,도두네오하임B,-,202405,15,33000,24.06.19
제주시,노형동,부영5차,502,202405,15,67000,24.07.08
제주시,외도일동,부영(2차),부영아파트 209,202405,15,44000,24.06.25
제주시,이도이동,주공1,111,202405,14,47000,24.07.11
제주시,노형동,부영5차,501,202405,14,61500,24.06.04
제주시,연동,라이오니파크1차,-,202405,14,19500,24.06.14
제주시,애월읍,아름아이빌,-,202405,14,10500,24.05.16
제주시,이도일동,신세계에덴,-,202405,14,23500,24.11.13
제주시,노형동,부영1차,102,202405,13,65000,24.08.30
제주시,노형동,부영1차,-,202405,13,64300,-
제주시,노형동,부영1차,105,202405,13,64300,24.06.26
제주시,외도일동,체리티,-,202405,12,24900,24.07.18
제주시,오라이동,미듬아뜨리에,-,202405,12,23500,24.06.21
제주시,일도이동,혜성대유,104,202405,12,30000,24.06.07
제주시,도련이동,제주삼화사랑으로부영1차,-,202405,11,41400,-
제주시,애월읍,하귀코아루오션뷰,101동,202405,11,38500,24.06.21
제주시,외도일동,해마루풍경102동,-,202405,11,20500,24.08.08
제주시,도련이동,제주삼화사랑으로부영1차,104,202405,11,41400,24.07.10
제주시,연동,라이오니파크1차,-,202405,11,35000,24.06.18
제주시,노형동,세기7차,-,202405,11,19400,24.06.28
제주시,삼양이동,삼부비치,-,202405,10,16000,24.05.10
제주시,봉개동,SM상명예다움,-,202405,10,28000,24.06.25
제주시,삼양이동,다연,-,202405,10,31500,24.05.10
제주시,도련일동,제주삼화사랑으로부영6차,601,202405,10,50000,24.05.20
제주시,연동,해월루,-,202405,10,6500,24.05.24
제주시,애월읍,혁승애월다움,-,202405,9,23500,24.06.05
제주시,월평동,제주첨단꿈에그린3단지아파트,312동,202405,9,59400,24.05.16
제주시,애월읍,혁승애월다움,-,202405,9,23500,-
제주시,월평동,제주첨단꿈에그린2단지아파트,203동,202405,9,52000,24.06.11
제주시,월평동,제주첨단꿈에그린3단지아파트,311동,202405,8,48000,24.06.03
제주시,도련이동,제주삼화사랑으로부영1차,106,202405,7,45000,24.06.21
제주시,외도일동,외도휴안2차,-,202405,7,24700,24.06.28
제주시,노형동,중흥에스클래스(미리내마을),107,202405,7,90000,24.06.12
제주시,노형동,세기6차,-,202405,7,22500,24.05.21
제주시,용담일동,보성,-,202405,7,12000,24.05.24
제주시,애월읍,제주하귀휴먼시아2단지,202,202405,7,42000,24.05.31
제주시,연동,타워프로빌,-,202405,7,43000,24.08.09
제주시,애월읍,제주하귀휴먼시아1단지,106,202405,7,41900,24.05.07
제주시,삼도이동,세일파크빌,-,202405,7,12000,24.05.07
제주시,조천읍,천마에버하임오션,-,202405,6,37000,24.05.13
제주시,조천읍,다온팰리스아파트,에이동,202405,5,21000,24.07.01
제주시,노형동,지산9차위더스빌,-,202405,4,20000,24.05.27
제주시,외도일동,외도부영1차,107,202405,4,27000,24.07.12
제주시,애월읍,제주하귀휴먼시아1단지,105,202405,3,43200,24.05.17
제주시,연동,제주베스트빌라,-,202405,3,43000,24.06.26
제주시,연동,대림이편한세상2차,205,202405,3,74000,24.07.31
제주시,도남동,도남성원3,-,202405,3,18000,24.06.10
제주시,노형동,부영1차,102,202405,2,65000,24.06.03
제주시,삼도일동,골든타워1차,-,202405,2,35800,24.05.31
제주시,노형동,부영1차,-,202405,2,65000,-
제주시,외도일동,해마루풍경102동,-,202405,2,21500,24.05.30
제주시,연동,도원스카이타워빌,-,202405,1,29500,24.05.23
제주시,삼양이동,제주삼화사랑으로부영5차,501,202405,1,47250,24.06.28
제주시,도련이동,제주삼화사랑으로부영1차,104,202405,1,45000,24.05.31
제주시,외도일동,외도부영1차,107,202405,1,26500,24.06.27
제주시,노형동,부영1차,104,202404,30,64000,24.04.30
제주시,일도이동,대유대림아파트,제주대유대림아파트 307,202404,30,49000,24.05.03
제주시,외도일동,부영(2차),부영아파트 201,202404,30,40500,24.05.30
제주시,연동,해월루,-,202404,30,5500,24.05.03
제주시,노형동,노형이-편한세상,101동,202404,30,93000,24.05.31
제주시,도남동,성원1,-,202404,30,13500,24.05.21
제주시,노형동,노형이-편한세상,104동,202404,30,96000,24.08.07
제주시,이도이동,이도한일베라체,109,202404,30,85000,24.06.05
제주시,조천읍,함덕천마에코피아,-,202404,29,16200,24.06.12
제주시,연동,제웅솔내음,-,202404,29,11000,24.05.14
제주시,연동,제원1차,아,202404,29,42000,24.07.29
제주시,삼양이동,제주삼화사랑으로부영5차,510,202404,29,51000,24.05.27
제주시,월평동,제주첨단꿈에그린3단지아파트,315동,202404,29,51000,24.05.31
제주시,외도일동,외도부영1차,102,202404,28,21500,24.05.10
제주시,이도이동,주공1,101,202404,28,71000,24.05.27
제주시,오라이동,회성푸르니3차,-,202404,27,36000,-
제주시,오라이동,회성푸르니3차,-,202404,27,36000,24.06.13
제주시,외도일동,아름지운아파트,-,202404,27,26200,24.06.14
제주시,외도일동,제웅1차솔내음빌리지,-,202404,27,10500,24.05.14
제주시,오라이동,회성푸르니3차,-,202404,27,36000,-
제주시,오라이동,오라뜨래별,101,202404,26,38000,24.06.12
제주시,노형동,세기6차,-,202404,26,19500,24.05.10
제주시,이도일동,광양미화,가,202404,26,17000,24.04.26
제주시,외도일동,외도휴안2차,-,202404,26,24300,24.07.04
제주시,외도일동,부영(2차),부영아파트 205,202404,26,38900,24.05.16
제주시,일도이동,일도2차신천지,201,202404,25,27980,24.06.04
제주시,이도일동,이도네오하임,-,202404,25,31500,24.05.14
제주시,노형동,중흥에스클래스,101,202404,24,63500,24.07.05
제주시,아라일동,아라아이파크,101,202404,24,76000,24.06.20
제주시,아라일동,아라아이파크,-,202404,24,76000,-
제주시,연동,라이오니파크1차,-,202404,24,20500,24.06.21
제주시,아라일동,아라아이파크,-,202404,24,76000,-
제주시,일도이동,서해1,-,202404,23,25000,24.05.17
제주시,연동,연동가나휘닉스1,1,202404,23,39100,24.06.04
제주시,도남동,도남해모로리치힐아파트,107동,202404,23,73700,25.01.21
제주시,화북일동,삼부,-,202404,23,12300,24.06.14
제주시,연동,라이오니파크1차,-,202404,22,19400,24.05.13
제주시,노형동,세기7차,-,202404,22,19000,24.06.24
제주시,도련일동,도련영도갤럭시타운,-,202404,22,33700,24.06.14
제주시,오라이동,오라뜨래별,102,202404,22,39000,24.05.20
제주시,아라일동,아라아이파크,102,202404,22,76000,24.07.15
제주시,조천읍,광명샤인빌,105,202404,22,22400,24.04.30
제주시,일도이동,일도성환,101,202404,22,27000,24.05.03
제주시,노형동,부영2차,205,202404,21,30000,24.05.07
제주시,아라일동,아라스위첸,103,202404,21,83000,24.05.07
제주시,연동,청목더웰연동,-,202404,21,7950,24.05.09
제주시,노형동,부영2차,202,202404,20,31800,24.04.30
제주시,삼양이동,제주삼화사랑으로부영3차,306,202404,20,45000,24.05.30
제주시,노형동,부영1차,104,202404,20,64000,24.05.24
제주시,아라일동,아라아이파크,106,202404,19,88700,24.05.27
제주시,아라일동,아라스위첸,110,202404,19,101200,24.08.28
제주시,아라일동,아라스위첸,-,202404,19,101200,-
제주시,이도이동,태성리치빌,-,202404,19,27000,24.05.29
제주시,용담삼동,용두암현대4,용두암현대4차아파트,202404,19,14800,24.06.03
제주시,연동,연동태림,연동태림아파트,202404,19,32000,24.04.25
제주시,화북일동,화북주공4단지,402,202404,19,34000,24.06.05
제주시,외도일동,외도부영1차,105,202404,19,17300,24.05.31
제주시,이도이동,동인미노스빌,-,202404,19,34500,24.05.10
제주시,이도이동,이도한일베라체,105,202404,19,68000,24.07.08
제주시,외도일동,외도부영1차,105,202404,18,30000,24.04.22
제주시,도두일동,블루파크시티,-,202404,18,14000,24.04.18
제주시,외도일동,외도에이스아크로빌2차,-,202404,18,31700,24.08.12
제주시,노형동,탐라빌,-,202404,18,23500,24.07.31
제주시,아라일동,미화,2,202404,18,17000,24.05.31
제주시,외도일동,해밀마루,-,202404,18,20000,24.06.13
제주시,노형동,노형뜨란채,220,202404,17,57000,24.05.20
제주시,일도이동,일도성환,104,202404,17,29500,24.05.22
제주시,월평동,제주첨단꿈에그린3단지아파트,313동,202404,17,52300,24.08.23
제주시,외도일동,대원상록수9차,-,202404,17,27000,24.05.22
제주시,애월읍,제주하귀휴먼시아1단지,-,202404,17,44000,-
제주시,도두일동,도두네오하임B,-,202404,17,33000,24.05.16
제주시,외도일동,부영(2차),부영아파트 204,202404,17,43500,24.05.30
제주시,조천읍,대진유토피아빌리지(3차),-,202404,17,15000,24.04.30
제주시,연동,벽강하이본타워,-,202404,16,12300,24.04.16
제주시,건입동,현대,106,202404,15,24600,24.05.21
제주시,삼도일동,제동해피죤,-,202404,15,27000,-
제주시,삼도일동,제동해피죤,-,202404,15,27000,24.05.31
제주시,노형동,탐라빌,-,202404,15,25000,24.07.05
제주시,외도일동,일우한란,102,202404,15,16600,24.05.08
제주시,노형동,부영5차,506,202404,14,62000,24.06.19
제주시,연동,벽강하이본타워,-,202404,14,15400,24.04.23
제주시,애월읍,제주하귀휴먼시아1단지,109,202404,13,56900,24.07.19
제주시,아라일동,아라원신,101,202404,13,30500,24.05.13
제주시,연동,남해오네뜨,-,202404,13,13800,24.04.19
제주시,일도이동,서해2,-,202404,12,49000,24.04.12
제주시,연동,갤럭시연동빌,-,202404,12,6900,24.04.30
제주시,도두일동,블루파크시티,-,202404,12,14300,24.05.03
제주시,아라일동,아라아이파크,101,202404,11,73700,24.05.31
제주시,연동,청목더웰연동,-,202404,11,12000,24.04.15
제주시,노형동,부영2차,203,202404,11,31000,24.05.17
제주시,외도일동,노블레스,-,202404,11,47000,24.05.30
제주시,연동,벽강하이본타워,-,202404,10,17500,24.05.07
제주시,화북이동,화북세원멤버스,-,202404,10,41700,24.09.03
제주시,일도이동,기산,102,202404,10,22000,24.12.05
제주시,애월읍,제주하귀휴먼시아1단지,101,202404,10,40500,24.05.21
제주시,외도일동,아모르102,-,202404,9,15000,24.06.14
제주시,노형동,송우수자인,-,202404,9,43800,24.04.30
제주시,도련이동,제주삼화사랑으로부영1차,107,202404,9,50500,24.06.03
제주시,일도이동,인제아파트,(제1동),202404,9,16000,24.04.11
제주시,화북일동,화북주공4단지,410,202404,8,28000,24.05.14
제주시,삼양일동,라오체블랙비치,-,202404,8,29800,24.04.30
제주시,연동,연동정한,가,202404,8,18800,24.04.29
제주시,일도이동,대유대림아파트,제주대유대림아파트 308,202404,8,51000,24.05.13
제주시,노형동,부영2차,206,202404,8,34000,24.04.25
제주시,조천읍,로잔팰리스,-,202404,8,31500,24.04.19
제주시,연동,연동가나휘닉스1,1,202404,8,39900,24.07.29
제주시,이도일동,진용이지빌2차,B,202404,8,28000,24.04.09
제주시,도련일동,미듬하나로(도련),미듬하나로아파트 다동,202404,7,17500,24.05.27
제주시,노형동,부영5차,501,202404,6,62000,24.07.04
제주시,건입동,미듬하나로,-,202404,6,23200,24.04.17
제주시,아라일동,아란빌라,-,202404,5,16000,24.04.24
제주시,애월읍,제주하귀휴먼시아1단지,102,202404,5,54000,24.06.19
제주시,이도이동,하늘그린5차,-,202404,5,30000,24.04.05
제주시,화북일동,"화북주공2,3단지",화북2아파트203,202404,5,32000,24.05.29
제주시,삼도일동,삼성뜨래별,-,202404,5,36000,24.04.29
제주시,삼양이동,한라하이츠빌(2차),-,202404,4,30000,24.04.12
제주시,노형동,부영1차,102,202404,4,66500,24.05.22
제주시,연동,제원3차,3,202404,4,37000,24.04.26
제주시,도남동,도남해모로리치힐아파트,106동,202404,4,75000,24.04.26
제주시,아라일동,아라아이파크,103,202404,4,75000,24.04.26
제주시,외도일동,해피하우스,-,202404,3,34000,24.04.24
제주시,노형동,부영2차,202,202404,3,31000,24.05.22
제주시,일도이동,일도세원멤버스(2차),-,202404,3,33100,24.04.09
제주시,삼양이동,제주삼화사랑으로부영3차,304,202404,3,52500,24.04.30
제주시,노형동,현대아이파크,101,202404,3,63300,24.04.29
제주시,월평동,제주첨단꿈에그린2단지아파트,213동,202404,3,52000,24.05.03
제주시,노형동,부영5차,503,202404,3,62000,24.08.30
제주시,연동,연동ABC주상복합,-,202404,3,12000,24.05.02
제주시,외도일동,외도에이스아크로빌2차,-,202404,2,31500,24.04.22
제주시,애월읍,제주하귀휴먼시아2단지,206,202404,2,42000,24.04.18
제주시,노형동,노형뜨란채,216,202404,2,60000,24.09.05
제주시,연동,벽강하이본타워,-,202404,2,12500,24.04.05
제주시,연동,대림이편한세상1차,105,202404,2,70000,24.05.02
제주시,아라일동,아라스위첸,106,202404,1,72000,24.04.29
제주시,용담이동,용두암현대3,2동,202404,1,23800,24.05.02
제주시,삼도일동,삼성뜨래별,-,202404,1,29000,24.04.09
제주시,한림읍,한림대호(대호베리골),나,202404,1,9500,24.04.22
제주시,애월읍,제주하귀휴먼시아1단지,104,202404,1,41500,24.06.04
제주시,노형동,해오름,102,202403,31,46000,24.04.12
제주시,연동,예그린하우스텔,-,202403,31,8000,24.05.14
제주시,노형동,경진아트빌,-,202403,30,6000,24.04.08
제주시,애월읍,제주하귀휴먼시아2단지,201,202403,30,43500,24.05.31
제주시,연동,신동부삼무하이빌,-,202403,30,7100,24.04.04
제주시,노형동,부영5차,501,202403,30,60000,24.04.30
제주시,삼양이동,제주삼화사랑으로부영3차,-,202403,30,54000,-
제주시,외도일동,부영(2차),부영아파트 209,202403,29,45200,24.05.27
제주시,연동,삼성하나로,1,202403,29,31500,24.05.30
제주시,일도이동,일도성환,104,202403,29,31000,24.04.22
제주시,아라일동,아라아이파크,110,202403,28,75000,24.05.20
제주시,조천읍,일이삼타운,-,202403,28,21000,24.05.17
제주시,아라일동,염광,4,202403,28,24000,24.04.05
제주시,월평동,제주첨단꿈에그린2단지아파트,202동,202403,28,59000,24.04.09
제주시,애월읍,제주하귀휴먼시아2단지,202,202403,27,41500,24.05.13
제주시,일도이동,스카이캐슬,-,202403,27,55000,24.04.05
제주시,일도이동,전원아트빌(2차),-,202403,27,20000,-
제주시,한림읍,회성푸르니5차,A동,202403,26,26100,24.03.27
제주시,연동,가나타운,-,202403,26,15500,24.04.18
제주시,노형동,부영2차,205,202403,26,32000,24.03.28
제주시,애월읍,제주하귀휴먼시아1단지,106,202403,26,38000,24.04.08
제주시,외도일동,블루배리,1,202403,26,27300,24.04.30
제주시,한림읍,한림오션캐슬아파트,103동,202403,25,26000,24.04.22
제주시,삼양이동,제주삼화사랑으로부영3차,-,202403,25,54000,-
제주시,삼도이동,동인스파월드빌,-,202403,25,25000,24.04.22
제주시,도련일동,미듬하나로(도련),미듬하나로아파트 나동,202403,25,15000,24.03.29
제주시,구좌읍,나이스6차,-,202403,25,25800,24.05.30
제주시,노형동,경진아트빌,-,202403,25,5700,24.03.25
제주시,노형동,경진아트빌,-,202403,25,5700,24.03.25
제주시,노형동,노형뜨란채,211,202403,25,58800,24.04.25
제주시,삼양이동,제주삼화사랑으로부영3차,-,202403,25,54000,-
제주시,조천읍,일이삼타운,-,202403,24,22100,-
제주시,조천읍,일이삼타운,-,202403,24,22100,24.04.26
제주시,애월읍,제주하귀휴먼시아2단지,206,202403,23,42000,24.06.24
제주시,삼양이동,제주삼화사랑으로부영3차,309,202403,23,48000,24.05.21
제주시,일도이동,삼화,나,202403,23,24000,24.04.22
제주시,이호이동,이호휴캐슬,-,202403,23,29900,24.05.24
제주시,일도이동,삼화,나,202403,23,24000,24.04.22
제주시,애월읍,제주하귀휴먼시아2단지,-,202403,23,42000,-
제주시,일도이동,일도2차대림,201,202403,22,43000,24.03.29
제주시,일도이동,전원아트빌(2차),-,202403,22,14100,24.03.22
제주시,연동,대림이편한세상1차,106,202403,22,65000,24.04.08
제주시,외도일동,외도부영1차,103,202403,22,20000,24.03.22
제주시,도남동,도남시영,에이,202403,21,10000,24.03.26
제주시,건입동,현대,103,202403,21,32500,24.04.08
제주시,외도일동,에르빌아파트1차,-,202403,21,31700,24.08.27
제주시,외도일동,에르빌아파트1차,-,202403,21,31700,-
제주시,오라이동,회성푸르니3차,-,202403,21,35000,24.12.19
제주시,연동,라이오니파크1차,-,202403,21,21500,24.05.10
제주시,연동,라이오니파크1차,-,202403,21,21500,-
제주시,용담삼동,용담이타스,-,202403,20,25800,24.03.20
제주시,외도일동,외도에이스아크로빌2차,-,202403,20,31000,24.05.27
제주시,연동,연동한일씨티파크,-,202403,20,45000,24.04.01
제주시,조천읍,로잔팰리스,-,202403,20,31500,24.05.16
제주시,일도일동,남안,-,202403,20,27000,24.04.12
제주시,연동,청목더웰연동,-,202403,20,8500,24.03.20
제주시,월평동,제주첨단꿈에그린2단지아파트,215동,202403,20,57500,24.06.07
제주시,외도일동,대원상록수11차아파트,-,202403,20,34200,24.04.23
제주시,용담삼동,용두암현대1,-,202403,20,25000,-
제주시,외도일동,더펠리스1차,-,202403,20,37000,24.07.24
제주시,연동,제일(가동),가동,202403,20,14800,24.04.12
제주시,애월읍,제주하귀휴먼시아2단지,205,202403,20,40000,24.04.26
제주시,조천읍,광명샤인빌,104,202403,19,22500,24.04.24
제주시,이도이동,TS주상복합빌딩,-,202403,19,7800,24.03.19
제주시,연동,대림이편한세상2차,203,202403,19,113000,24.04.19
제주시,도남동,영산홍,가,202403,19,20500,24.12.20
제주시,애월읍,제주하귀휴먼시아1단지,108,202403,19,43750,24.04.30
제주시,외도일동,더펠리스1차,-,202403,19,34800,24.04.18
제주시,노형동,부영2차,203,202403,19,31000,24.05.10
제주시,연동,아델하임,-,202403,18,37000,24.04.24
제주시,한림읍,한림오션캐슬아파트,103동,202403,18,27500,24.05.10
제주시,이도일동,극동행복그린,-,202403,18,35500,24.04.08
제주시,노형동,노형뜨란채,216,202403,18,59500,24.04.04
제주시,노형동,삼환3차,-,202403,18,25000,24.04.01
제주시,외도일동,제웅1차솔내음빌리지,-,202403,18,10700,24.04.02
제주시,삼도일동,대명2차꿈의고향,-,202403,17,28000,24.04.15
제주시,연동,남경하이빌,-,202403,17,27000,24.04.24
제주시,화북일동,"화북주공2,3단지",화북2아파트209,202403,16,31500,24.04.22
제주시,연동,제웅솔내음,-,202403,16,5900,24.04.11
제주시,노형동,해오름,103,202403,16,52000,24.04.29
제주시,일도이동,일도세원멤버스(2차),-,202403,16,35500,24.05.20
제주시,오라이동,회성푸르니3차,-,202403,15,35000,24.03.15
제주시,이도이동,동인미노스빌,-,202403,14,35500,24.06.07
제주시,연동,제주연동중흥S-클래스,-,202403,14,22586,24.05.31
제주시,화북이동,화북세원멤버스,-,202403,14,36000,24.03.14
제주시,도남동,도남해모로리치힐아파트,107동,202403,14,65500,24.07.30
제주시,연동,장원타운,장원타운아파트,202403,14,50000,24.04.05
제주시,연동,연동백강스위트엠I,-,202403,14,56000,-
제주시,연동,연동백강스위트엠I,연동 백강스위트엠Ⅰ,202403,14,56000,24.05.14
제주시,애월읍,제주하귀휴먼시아2단지,202,202403,14,44000,24.06.07
제주시,외도일동,외도타워,-,202403,13,34500,-
제주시,외도일동,외도타워,-,202403,13,34500,24.04.05
제주시,외도일동,외도부영1차,104,202403,13,23000,24.03.29
제주시,이도이동,동인미노스빌,-,202403,13,30000,24.03.13
제주시,삼도이동,미듬아뜨리에,미듬아뜨리에 103,202403,13,30700,24.04.22
제주시,애월읍,제주하귀휴먼시아1단지,104,202403,13,43000,24.04.29
제주시,도련일동,미듬하나로(도련),미듬하나로아파트 다동,202403,13,16200,24.04.26
제주시,도남동,수선화(71),-101,202403,13,11000,24.03.13
제주시,외도일동,외도부영1차,101,202403,12,21800,24.04.30
제주시,외도일동,더펠리스11차,-,202403,12,48000,24.03.27
제주시,삼도이동,미듬아뜨리에,미듬아뜨리에 101,202403,12,34000,24.04.22
제주시,건입동,현대,103,202403,12,35000,24.04.11
제주시,노형동,중흥에스클래스,102,202403,12,67000,24.05.07
제주시,삼양이동,제주삼화사랑으로부영5차,514,202403,11,50500,24.03.26
제주시,일도이동,일도우성1,-,202403,11,32000,-
제주시,용담삼동,용두암현대1,102,202403,11,28300,24.04.05
제주시,삼양이동,삼양더힐링빌,-,202403,11,12000,24.05.16
제주시,애월읍,하귀코아루오션뷰,103동,202403,11,30000,24.03.11
제주시,외도일동,갤럭시타운,-,202403,11,26000,24.05.29
제주시,노형동,해오름,105,202403,11,48000,24.04.18
제주시,애월읍,하귀코아루오션뷰,104동,202403,9,36500,24.04.30
제주시,노형동,중흥에스클래스,106,202403,9,52800,24.04.08
제주시,일도이동,인제네오하임,-,202403,8,34500,24.06.03
제주시,외도일동,아름지운아파트,-,202403,8,25000,24.03.08
제주시,일도이동,일도우성1,103,202403,8,32000,24.03.27
제주시,도남동,아산5차,-,202403,8,20500,24.03.28
제주시,노형동,에코피아,-,202403,8,53500,24.04.01
제주시,용담이동,남양맨션,남양아파트,202403,7,9700,24.03.07
제주시,노형동,노형뜨란채,209,202403,7,56000,24.04.05
제주시,연동,시스빌,-,202403,7,10000,24.03.14
제주시,삼도이동,아이린5차,-,202403,7,39800,24.03.22
제주시,외도일동,해밀마루,-,202403,6,19000,24.04.04
제주시,일도이동,일도남양,-,202403,6,18800,24.03.25
제주시,조천읍,대진유토피아빌리지(3차),-,202403,6,15500,24.04.08
제주시,삼양이동,삼화다온펠리스,-,202403,6,42000,24.03.27
제주시,노형동,제동프린스빌,-,202403,6,8100,24.03.22
제주시,일도이동,일도남양,-,202403,6,18800,-
제주시,도남동,수선화(70)1차,수선화아파트 가,202403,6,22000,24.04.02
제주시,삼양일동,삼부장미(가동),-,202403,5,13600,24.04.25
제주시,이도이동,석정시티빌,-,202403,5,6200,24.04.16
제주시,외도일동,외도부영1차,103,202403,5,23000,24.03.13
제주시,일도이동,혜성대유,104,202403,5,30000,24.03.07
제주시,이호이동,이호재영샤르빌13차,-,202403,5,34000,24.03.21
제주시,노형동,부영2차,206,202403,5,33000,24.03.26
제주시,조천읍,광명샤인빌,104,202403,5,23300,24.04.19
제주시,노형동,대원상록수노형1차,-,202403,5,21000,24.06.19
제주시,삼양이동,제주삼화사랑으로부영5차,514,202403,4,49500,24.05.20
제주시,건입동,우일,-,202403,4,21500,24.03.26
제주시,연동,제원3차,3,202403,4,37000,24.03.21
제주시,이도이동,아이린아파트6차,-,202403,4,46500,24.04.15
제주시,삼도일동,영남화이트빌(가동),-,202403,4,33000,24.04.12
제주시,노형동,노형2차아이파크,202,202403,3,110000,24.04.15
제주시,일도이동,미화맨션,가형,202403,2,14000,24.03.29
제주시,용담이동,헤르지아,-,202403,2,30800,24.03.21
제주시,화북일동,"화북주공2,3단지",화북2아파트206,202403,2,33000,24.04.05
제주시,노형동,대원상록수5차,101,202402,29,30000,24.03.28
제주시,삼양이동,제주삼화사랑으로부영5차,503,202402,29,43500,24.04.09
제주시,화북일동,화북주공1단지,화북1아파트 109동,202402,29,40000,24.03.19
제주시,일도이동,일도우성1,102,202402,29,25000,24.03.25
제주시,연동,남해오네뜨,-,202402,29,14500,24.03.04
제주시,삼도이동,신우베스트빌,-,202402,29,24500,24.03.08
제주시,외도일동,부영(2차),부영아파트 205,202402,29,41500,24.05.16
제주시,이도이동,영도갤럭시타운,-,202402,29,10800,24.03.04
제주시,외도일동,블루배리,1,202402,28,26500,24.04.15
제주시,연동,남해오네뜨,-,202402,28,13000,24.03.06
제주시,노형동,노형뜨란채,206,202402,28,54700,24.04.29
제주시,노형동,세기2차,가,202402,28,16500,24.05.02
제주시,이도이동,극동오벨리스크,-,202402,28,22500,24.02.28
제주시,도련일동,제주삼화사랑으로부영6차,601,202402,27,56500,24.03.29
제주시,연동,재형그랜드빌아트,-,202402,27,24000,24.02.27
제주시,건입동,현대,107,202402,27,26000,24.03.29
제주시,연동,제주연동중흥S-클래스,-,202402,27,28000,24.02.29
제주시,일도이동,일도신천지,107,202402,27,32500,24.04.01
제주시,아라일동,미화,2,202402,26,17500,24.03.20
제주시,노형동,노형뜨란채,208,202402,26,59000,24.04.01
제주시,연동,연동한일씨티파크,-,202402,26,36000,24.03.26
제주시,화북이동,제주삼화엘에이치2단지,204,202402,26,55000,24.03.22
제주시,노형동,부영2차,203,202402,26,34700,24.03.18
제주시,노형동,노형영진1차,-,202402,26,18800,24.03.13
제주시,외도일동,해밀마루,-,202402,26,19500,24.03.25
제주시,연동,남해오네뜨,-,202402,26,19500,-
제주시,화북일동,뜨레향,-,202402,26,25000,24.10.31
제주시,애월읍,제주하귀휴먼시아2단지,202,202402,25,45500,24.03.27
제주시,도남동,도남시영,비,202402,24,15050,24.02.28
제주시,이도이동,영도갤럭시타운,-,202402,24,16600,24.04.15
제주시,노형동,노형영진2차,2,202402,24,14000,24.02.27
제주시,도련일동,아르미아아파트,101동,202402,23,37500,24.03.29
제주시,노형동,부영5차,506,202402,23,65000,24.03.20
제주시,일도이동,일도우성1,105,202402,23,32500,24.03.29
제주시,외도일동,외도부영1차,105,202402,23,26000,24.03.11
제주시,오라이동,미듬아뜨리에,-,202402,22,23000,24.04.26
제주시,이도일동,이도네오하임,-,202402,22,33000,24.02.29
제주시,노형동,부영5차,505,202402,22,64700,24.03.26
제주시,이도이동,지산16차위더스빌,-,202402,22,48000,24.04.15
제주시,노형동,중흥에스클래스(미리내마을),102,202402,22,90000,24.04.02
제주시,일도이동,일도우성2,206,202402,21,50000,24.04.24
제주시,이도이동,주공1,111,202402,20,47200,24.04.30
제주시,아라일동,미화,1,202402,20,15500,24.03.28
제주시,애월읍,혁승애월다움,-,202402,20,23000,24.06.11
제주시,연동,연동엘리시아3차,-,202402,20,38000,24.03.05
제주시,도련일동,반석스위스타운,반석스위트타운 나동,202402,20,21400,24.04.05
제주시,일도이동,일도2차신천지,203,202402,20,29000,24.02.23
제주시,노형동,부영2차,206,202402,20,33000,24.05.03
제주시,노형동,노형뜨란채,207,202402,19,57000,24.05.31
제주시,일도이동,서반,-,202402,19,22500,24.04.05
제주시,외도일동,해밀마루,-,202402,19,20000,24.03.21
제주시,노형동,노형뜨란채,-,202402,19,57000,-
제주시,화북일동,화북주공4단지,415,202402,18,26000,24.03.29
제주시,외도일동,핀크스,A,202402,18,41000,24.03.12
제주시,월평동,제주첨단꿈에그린2단지아파트,215동,202402,16,48000,24.02.26
제주시,삼도이동,모다세인트빌,-,202402,16,26500,-
제주시,외도일동,제웅스카이빌,-,202402,16,25800,24.04.04
제주시,삼도이동,모다세인트빌,-,202402,16,26500,24.03.08
제주시,이도이동,주공2차,207,202402,16,48500,24.04.16
제주시,외도일동,비치나빌리지,외도아파트,202402,16,24000,24.03.15
제주시,연동,남해오네뜨,-,202402,16,22500,24.02.27
제주시,한림읍,회성푸르니5차,A동,202402,15,24000,24.04.30
제주시,외도일동,갤럭시타운,-,202402,15,23800,24.03.28
제주시,이도이동,메디치,-,202402,15,8000,24.02.15
제주시,도두일동,도두네오하임B,-,202402,15,38000,24.03.08
제주시,노형동,부영2차,202,202402,15,32000,24.02.22
제주시,노형동,노형뜨란채,201,202402,15,59000,24.03.05
제주시,노형동,중흥에스클래스,101,202402,15,68000,24.03.27
제주시,이도이동,이도한일베라체,108,202402,14,97000,24.02.15
제주시,화북일동,화북주공4단지,401,202402,14,35000,24.03.15
제주시,외도일동,외도부영1차,109,202402,14,22500,24.02.28
제주시,연동,고정아파트,-,202402,14,50000,24.07.01
제주시,일도이동,그랑팰리스,-,202402,14,37000,24.03.13
제주시,삼도일동,삼성뜨래별,-,202402,14,29000,-
제주시,연동,장원훼밀리,-,202402,13,31000,24.03.05
제주시,삼도이동,수미안아파트,-,202402,13,36000,24.03.07
제주시,연동,제주연동중흥S-클래스,-,202402,13,28000,-
제주시,화북이동,화북세원멤버스,-,202402,13,40700,24.02.23
제주시,삼양이동,다연,-,202402,13,26800,24.05.20
제주시,용담일동,덕진아파트(B동),-,202402,13,29500,24.03.15
제주시,오라이동,오라동벽강하이본타워4차,101동,202402,8,42500,24.02.26
제주시,일도이동,미화맨션,다형,202402,8,11000,24.02.08
제주시,연동,대림(103동),103,202402,8,29000,24.02.29
제주시,삼양이동,제주삼화사랑으로부영5차,512,202402,8,51000,24.03.15
제주시,구좌읍,세화비치타운,-,202402,8,10700,24.02.29
제주시,도련일동,제주삼화사랑으로부영7차,705동,202402,7,59500,24.03.28
제주시,노형동,부영2차,202,202402,7,29500,24.03.21
제주시,연동,미도스카이빌,-,202402,7,6700,24.02.15
제주시,이도이동,부양장미2차,-,202402,7,19500,24.03.21
제주시,조천읍,신촌다정타운,나,202402,6,8900,24.02.06
제주시,조천읍,쉬젠비아채,나동,202402,6,27000,24.02.08
제주시,삼양이동,동명,나,202402,6,23500,24.02.20
제주시,조천읍,쉬젠비아채,나동,202402,6,27000,24.02.08
제주시,애월읍,제주하귀휴먼시아1단지,104,202402,6,43000,24.03.25
제주시,연동,남해오네뜨,-,202402,6,19500,24.04.09
제주시,외도일동,제웅1차솔내음빌리지,-,202402,5,9500,24.02.15
제주시,노형동,부영2차,203,202402,5,33000,24.03.15
제주시,연동,엘리시아,-,202402,5,7700,24.02.26
제주시,노형동,현대아이파크,103,202402,5,65000,24.02.19
제주시,화북일동,"화북주공2,3단지",화북2아파트205,202402,5,31500,24.03.29
제주시,삼도일동,대명꿈의고향,-,202402,5,26000,24.02.19
제주시,이호이동,성지휴캐슬,-,202402,3,30500,24.02.29
제주시,노형동,중흥에스클래스,107,202402,3,53000,24.04.26
제주시,외도일동,외도부영1차,107,202402,3,30000,24.02.28
제주시,일도이동,일도남양,-,202402,3,19300,24.04.26
제주시,노형동,부영3차,303,202402,3,68500,24.03.15
제주시,노형동,부영3차,-,202402,3,68500,-
제주시,화북이동,화북세원멤버스,-,202402,3,41600,24.02.26
제주시,이도이동,주공1,111,202402,3,47000,24.03.13
제주시,도련일동,제주삼화사랑으로부영7차,702동,202402,2,56000,24.04.22
제주시,이도이동,이도동아,동아아파트102동,202402,2,26000,24.02.21
제주시,일도이동,일도삼주,101,202402,2,24000,24.02.08
제주시,한림읍,한림대성유니크,-,202402,2,22500,24.02.29
제주시,도남동,수선화(70)1차,수선화아파트 바,202402,2,20000,24.03.04
제주시,도남동,수선화(70)1차,수선화아파트 바,202402,2,24400,24.02.13
제주시,외도일동,해밀마루,-,202402,2,20000,24.02.27
제주시,일도이동,혜성대유,103,202402,2,31000,24.02.20
제주시,화북이동,제주삼화엘에이치2단지,208,202402,1,60000,24.04.16
제주시,구좌읍,이루안아파트,-,202402,1,26500,24.02.15
제주시,도두일동,블루파크시티,-,202402,1,12700,24.03.04
제주시,오라이동,헤르지아,102,202402,1,41000,24.02.26
제주시,노형동,노형뜨란채,201,202401,31,54800,24.05.21
제주시,삼양이동,제주삼화사랑으로부영5차,515,202401,31,59900,24.02.28
제주시,화북일동,화북베스트빌,-,202401,31,23500,24.08.29
제주시,화북일동,화북베스트빌,-,202401,31,23500,-
제주시,노형동,중흥에스클래스(미리내마을),103,202401,31,79700,24.03.11
제주시,삼양이동,제주삼화사랑으로부영5차,-,202401,31,59900,-
제주시,삼도일동,서림아이빌,-,202401,31,31000,24.03.29
제주시,노형동,인텔리젼트한빛,-,202401,31,35000,24.03.22
제주시,연동,제웅솔내음,-,202401,31,11000,24.02.01
제주시,애월읍,제주하귀휴먼시아2단지,203,202401,30,41750,24.01.30
제주시,노형동,세기7차,-,202401,30,22000,24.02.26
제주시,노형동,노형해모로루엔,101동,202401,30,65000,24.02.27
제주시,이도이동,주공1,104,202401,30,72000,24.05.13
제주시,노형동,중흥에스클래스,107,202401,30,52000,24.03.04
제주시,이도이동,극동오벨리스크,-,202401,30,22500,-
제주시,연동,연동학산맨션,-,202401,29,38000,24.03.21
제주시,노형동,중흥에스클래스(미리내마을),106,202401,29,87000,24.03.04
제주시,봉개동,노블하우스,-,202401,29,27000,24.02.29
제주시,도남동,까사펠리스,-,202401,28,35000,24.03.20
제주시,외도일동,차밍1차,차밍1차아파트,202401,28,27700,24.03.06
제주시,이도이동,영도갤럭시타운,-,202401,27,16200,24.02.02
제주시,연동,세준,-,202401,27,25600,24.02.22
제주시,도남동,파인즈아파트,-,202401,27,38800,24.03.19
제주시,일도이동,일도삼주,101,202401,27,30000,24.02.15
제주시,노형동,해오름,103,202401,26,51500,24.03.26
제주시,외도일동,더펠리스1차,-,202401,26,30000,24.01.29
제주시,삼양이동,제주삼화사랑으로부영5차,510,202401,26,50000,24.02.26
제주시,도련이동,제주삼화사랑으로부영1차,104,202401,26,45000,24.03.06
제주시,노형동,노형뜨란채,208,202401,26,53800,24.02.19
제주시,노형동,노형뜨란채,216,202401,26,66500,24.02.28
제주시,이도일동,진용이지빌2차,A,202401,26,30000,24.01.26
제주시,이도이동,이도한일베라체,108,202401,25,70000,24.02.05
제주시,연동,제주연동한일베라체더퍼스트,101동,202401,25,59900,24.02.29
제주시,외도일동,외도부영1차,101,202401,25,20300,24.02.01
제주시,외도일동,외도부영1차,108,202401,25,20000,24.01.31
제주시,화북이동,제주삼화엘에이치2단지,211,202401,25,54800,24.03.28
제주시,연동,연동학산맨션,-,202401,24,38500,24.03.27
제주시,외도일동,외도부영1차,109,202401,24,22700,24.02.22
제주시,외도일동,대원상록수7차,-,202401,24,27000,24.03.28
제주시,연동,삼무빌리지,-,202401,24,24000,24.03.26
제주시,아라일동,염광,4,202401,24,26500,24.03.11
제주시,도남동,수선화(70)1차,수선화아파트 라,202401,24,19000,24.01.29
제주시,용담일동,서원그린빌,-,202401,23,24500,24.01.24
제주시,연동,대림이편한세상1차,-,202401,23,59990,-
제주시,외도일동,제웅스카이빌,-,202401,23,21900,24.01.31
제주시,연동,대림이편한세상1차,106,202401,23,59990,24.04.01
제주시,외도일동,더펠리스1차,-,202401,22,31300,24.02.26
제주시,일도이동,인화에코비치,-,202401,22,8000,24.01.23
제주시,일도이동,삼부장미주상,-,202401,22,11500,24.01.31
제주시,애월읍,그린트리,-,202401,22,26000,24.03.25
제주시,삼도일동,에코빌리지Ⅲ,-,202401,22,34000,24.02.22
제주시,외도일동,제이시티팰리스3차,제이시티팰리스3차,202401,22,41900,24.02.15
제주시,외도일동,부영(2차),부영아파트 208,202401,21,40000,24.03.08
제주시,도남동,도남리치빌,-,202401,20,30200,24.02.05
제주시,도남동,도남2차e-편한세상,도남2차e-편한세상 205,202401,20,57000,24.02.16
제주시,도남동,지산19차위더스빌,-,202401,20,42000,24.02.05
제주시,이도이동,극동오벨리스크,-,202401,20,22500,-
제주시,외도일동,외도부영1차,101,202401,20,23300,24.03.15
제주시,도남동,도남해모로리치힐아파트,108동,202401,19,70500,24.02.16
제주시,연동,진호뉴캐슬,-,202401,19,25500,24.02.08
제주시,노형동,부영2차,201,202401,19,31000,24.02.29
제주시,연동,진호뉴캐슬,-,202401,19,25500,-
제주시,도남동,도남리치빌,-,202401,19,34700,24.03.08
제주시,용담삼동,용두암현대1,105,202401,19,30000,24.02.28
제주시,노형동,부영2차,203,202401,19,35000,24.02.01
제주시,일도이동,일도2차신천지,202,202401,19,29000,24.02.16
제주시,건입동,광덕(광덕사라봉),-,202401,19,13200,24.01.26
제주시,외도일동,휘닉스,1,202401,18,25500,24.02.22
제주시,도남동,성원1,-,202401,18,13000,24.01.25
제주시,삼도일동,화인퍼스트빌,-,202401,18,31000,24.02.15
제주시,일도이동,전원아트빌(2차),-,202401,18,14100,-
제주시,오라이동,오라동벽강하이본타워4차,101동,202401,18,41000,24.03.15
제주시,화북일동,"화북주공2,3단지",화북2아파트210,202401,17,32000,24.02.21
제주시,노형동,노형벨라시티,노형벨라시티,202401,17,68457,24.02.02
제주시,오라이동,화인퍼스트빌3차,-,202401,17,32300,24.01.30
제주시,삼양일동,삼양토성,-,202401,17,20700,24.03.19
제주시,삼도이동,아이린,-,202401,17,29500,24.05.08
제주시,외도일동,더펠리스2차,-,202401,17,41000,24.01.29
제주시,외도일동,외도부영1차,105,202401,16,27300,24.02.23
제주시,조천읍,로잔팰리스,-,202401,16,31500,-
제주시,일도일동,엘리트빌,-,202401,16,20500,24.02.16
제주시,용담삼동,용두암현대1,103,202401,16,29500,24.01.31
제주시,연동,제원1차,-,202401,16,21400,-
제주시,이도이동,이도동아,동아아파트101동,202401,16,24000,24.01.30
제주시,조천읍,로잔팰리스,-,202401,16,31500,-
제주시,건입동,골드트리,-,202401,15,27500,-
제주시,외도일동,외도부영1차,103,202401,15,23000,24.01.30
제주시,노형동,에코피아,-,202401,15,57000,24.02.02
제주시,이도이동,이도한일베라체,103,202401,15,70000,24.02.08
제주시,삼도이동,미듬하나로,-,202401,14,22900,24.02.08
제주시,연동,대림이편한세상2차,205,202401,14,85000,24.02.16
제주시,삼도일동,미래빌라,-,202401,14,12800,24.02.28
제주시,연동,연동엘리시아,-,202401,13,41000,24.03.27
제주시,노형동,연동,가,202401,12,21000,24.02.16
제주시,노형동,노형뜨란채,203,202401,12,58700,24.01.30
제주시,이도일동,신세계에덴,-,202401,12,19000,24.02.26
제주시,화북이동,제주삼화사랑으로부영2차,209,202401,12,55000,24.01.23
제주시,이호이동,이호엘리시아아파트,-,202401,12,30600,24.02.13
제주시,삼도일동,아이린2차,-,202401,12,41500,24.02.27
제주시,이도이동,동인미노스빌(가동),-,202401,12,24500,24.02.06
제주시,용담이동,남양맨션,남양맨션 다,202401,12,15000,24.01.29
제주시,이도이동,주공3,303,202401,12,46200,24.02.29
제주시,도남동,도남2차e-편한세상,도남2차e-편한세상 202,202401,11,53000,24.02.15
제주시,노형동,노형수선화,노형수선화아파트나동,202401,11,21500,24.01.31
제주시,연동,신우스위트빌3차,-,202401,11,19000,24.01.24
제주시,애월읍,제주하귀휴먼시아1단지,102,202401,11,42150,24.01.31
제주시,일도이동,일도위더스빌23차,-,202401,11,43500,24.02.07
제주시,연동,남해오네뜨,-,202401,11,19500,24.01.25
제주시,연동,갤럭시연동빌,-,202401,11,8500,24.02.05
제주시,오라이동,화인퍼스트빌3차,-,202401,11,38000,24.08.09
제주시,연동,대림이편한세상1차,102,202401,10,56800,24.02.06
제주시,조천읍,거웅라피네,-,202401,10,25000,24.02.05
제주시,이도이동,TS주상복합빌딩,-,202401,10,6550,24.01.10
제주시,삼도일동,서림아이빌,-,202401,10,21000,24.01.10
제주시,한림읍,한림오션캐슬아파트,102동,202401,10,30000,24.02.21
제주시,연동,코스모스태홍누리안5차,-,202401,10,37000,24.02.08
제주시,도두일동,블루파크시티,-,202401,10,11800,24.01.19
제주시,이도일동,다솜,-,202401,9,27700,24.01.31
제주시,화북일동,"화북주공2,3단지",화북2아파트208,202401,9,33500,24.01.19
제주시,조천읍,광명샤인빌,103,202401,9,22500,24.02.20
제주시,오라이동,벽강하이본타워(5차),102동,202401,9,28500,24.03.05
제주시,외도일동,외도부영1차,103,202401,9,16000,24.02.29
제주시,연동,울담뜨레빌3차,-,202401,9,38000,24.01.23
제주시,노형동,노형해모로루엔,101동,202401,9,56000,24.01.16
제주시,조천읍,광명샤인빌,-,202401,9,22500,-
제주시,화북이동,제주삼화사랑으로부영2차,210,202401,8,58000,24.01.19
제주시,노형동,인텔리젼트한빛,-,202401,8,40000,24.02.27
제주시,외도일동,부영(2차),부영아파트 208,202401,8,39900,24.02.13
제주시,연동,대림이편한세상1차,106,202401,8,75000,24.02.28
제주시,외도일동,백강수피아5차,-,202401,8,41500,24.02.29
제주시,외도일동,백강수피아5차,-,202401,8,41500,-
제주시,도련일동,아르미아아파트,101동,202401,8,32500,24.03.13
제주시,건입동,건입미화,나,202401,8,16500,24.02.01
제주시,외도일동,외도부영1차,107,202401,8,24000,24.05.27
제주시,노형동,노형벽강하이본타워7차,-,202401,7,50000,24.03.04
제주시,애월읍,제주하귀휴먼시아1단지,102,202401,6,41500,24.02.06
제주시,외도일동,부영(2차),부영아파트 201,202401,6,39900,24.02.15
제주시,일도이동,일도신천지,109,202401,6,30000,24.03.15
제주시,노형동,노형뜨란채,203,202401,6,60000,24.02.23
제주시,외도일동,외도타워,-,202401,6,30800,24.01.29
제주시,외도일동,해밀마루,-,202401,5,20000,24.01.05
제주시,일도이동,대유대림아파트,제주대유대림아파트 316,202401,5,46500,24.02.20
제주시,일도이동,대유대림아파트,-,202401,5,46500,-
제주시,노형동,부영1차,-,202401,5,64000,-
제주시,연동,제주연동한일베라체더퍼스트,101동,202401,5,59900,24.02.15
제주시,삼도일동,대명2차꿈의고향,-,202401,4,27500,24.04.30
제주시,도남동,도남성원5차,-,202401,4,18000,24.01.12
제주시,연동,갤럭시연동빌,-,202401,4,5600,24.01.29
제주시,연동,연동백강스위트엠I,연동 백강스위트엠Ⅰ,202401,4,39000,24.01.31
제주시,연동,남주,-,202401,4,18500,24.02.08
제주시,노형동,노형뜨란채,208,202401,3,53800,24.01.29
제주시,이도이동,목성2차,-,202401,3,30500,24.02.16
제주시,봉개동,노블하우스,-,202401,3,22850,24.02.08
제주시,연동,도령해든빌,-,202401,3,6800,24.01.31
제주시,조천읍,에스턴힐,-,202401,3,26000,24.01.12
제주시,용담삼동,용두암현대4,용두암현대4차아파트,202401,3,15500,24.01.09
제주시,일도이동,용인아파트,-,202401,2,13900,24.01.30
제주시,화북일동,화북조양2차,화북조양아파트2차,202401,2,16000,24.01.03
제주시,화북일동,화북주공4단지,412,202401,2,25000,24.02.28
제주시,도남동,영산홍,가,202401,2,19300,24.01.03
제주시,애월읍,하귀푸르미르,-,202401,1,39000,24.02.29
